33,0.4,451,,,,,,,,,,,,,,,,,,,,,,,,,,,,,,,,,,,,,,,,,,,,,,,,,,,,,,,,,,,,,,,,,,,,,,,,,,,,,,,,,,,,,,,,,,,,,,,,,,,,,,,,,,,,,,,,,,,,,,,,,,,,,,,,,,,,,,,,,,,,,,,,,,,,,,,,,,,,,,,,,,,,,,,,,,,,,,,,,,,,,,,,,,,,,,,,,,,,,,,,,,,,,,,,,,,,,,,,,,,,,,,,,,,,,,,,,,,,,,,,,,,,,,,,,,,,,,,,,,,,,,,,,,,,,,,,,,,,,,,,,,,,,,,,,,,,,,,,,,,,,,,,,,,,,,,,,,,,,,,,,,,,,,,,,,,,,,,,,,,,,,,,,,,,,,,,,,,,,,,,,,,,,,,,,,,,,,,,,,,,,,,,,,,,,,,,,,,,,,,,,,,,,,,,,,,,,,,,,,,,,,,,,,,,,,,,,,,,,,,,,,,,,,,,
0.075751,0.074905,0.073388,0.071984,0.070325,0.068769,0.067335,0.065647,0.064115,0.062712,0.061053,0.059682,0.058102,0.056593,0.055185,0.053567,0.052136,0.050714,0.049094,0.047844,0.046225,0.044707,0.043432,0.04186,0.040372,0.039044,0.037481,0.036172,0.03473,0.033291,0.031982,0.030564,0.029161,0.027808,0.026411,0.025006,0.023718,0.022373,0.021034,0.019648,0.018399,0.016944,0.015716,0.014441,0.01305,0.011757,0.01046,0.009138,0.00802,0.006618,0.005434,0.004223,0.002926,0.001751,0.000552,-0.000665,-0.00174,-0.003094,-0.004199,-0.005311,-0.006592,-0.007672,-0.008749,-0.010015,-0.011158,-0.012321,-0.013493,-0.014553,-0.015764,-0.016874,-0.017976,-0.01911,-0.020259,-0.021332,-0.022419,-0.023477,-0.024549,-0.025609,-0.026736,-0.02773,-0.028867,-0.029834,-0.030955,-0.032008,-0.033048,-0.034134,-0.035182,-0.036167,-0.037292,-0.038197,-0.03929,-0.040298,-0.041224,-0.042297,-0.043236,-0.04406,-0.045086,-0.046032,-0.046894,-0.047852,-0.04868,-0.049612,-0.050489,-0.051313,-0.052231,-0.053075,-0.053906,-0.054792,-0.055563,-0.056447,-0.057253,-0.058079,-0.058832,-0.059673,-0.060481,-0.061261,-0.062033,-0.062832,-0.063521,-0.064325,-0.065035,-0.065768,-0.066573,-0.067285,-0.06801,-0.068754,-0.069457,-0.070232,-0.070973,-0.071597,-0.072424,-0.073075,-0.073758,-0.074537,-0.075162,-0.075821,-0.07653,-0.077091,-0.077876,-0.078481,-0.079119,-0.079759,-0.080369,-0.08096,-0.081461,-0.082078,-0.082682,-0.083247,-0.083876,-0.084436,-0.084927,-0.085582,-0.086227,-0.087056,-0.087947,-0.089092,-0.090584,-0.091929,-0.093143,-0.094305,-0.095267,-0.096161,-0.096583,-0.096936,-0.097034,-0.097106,-0.097219,-0.097274,-0.097295,-0.097387,-0.097398,-0.097443,-0.097517,-0.097649,-0.097815,-0.097987,-0.098151,-0.098378,-0.098563,-0.098781,-0.098976,-0.099164,-0.099377,-0.099569,-0.09975,-0.099943,-0.100149,-0.100338,-0.100483,-0.100643,-0.100783,-0.100974,-0.10109,-0.101253,-0.101387,-0.101542,-0.101706,-0.101799,-0.101927,-0.101987,-0.102131,-0.102227,-0.10231,-0.102409,-0.102488,-0.102566,-0.102635,-0.10271,-0.102759,-0.102779,-0.10285,-0.102887,-0.10285,-0.102857,-0.102891,-0.102876,-0.102865,-0.102895,-0.1029,-0.102867,-0.102803,-0.102737,-0.102729,-0.10267,-0.102571,-0.102504,-0.102415,-0.102363,-0.102296,-0.102193,-0.102059,-0.101953,-0.101862,-0.101729,-0.101602,-0.10146,-0.101316,-0.101164,-0.101034,-0.100832,-0.100674,-0.100463,-0.100285,-0.100132,-0.099887,-0.099685,-0.099514,-0.099252,-0.099053,-0.098811,-0.098553,-0.098333,-0.098074,-0.097766,-0.09754,-0.097246,-0.097008,-0.096712,-0.096435,-0.096127,-0.095788,-0.095462,-0.095122,-0.094848,-0.094501,-0.094155,-0.093777,-0.093394,-0.093034,-0.092678,-0.092289,-0.091923,-0.091534,-0.091118,-0.090723,-0.090318,-0.089903,-0.089539,-0.089048,-0.08863,-0.088226,-0.08782,-0.087375,-0.0869,-0.08642,-0.086014,-0.085493,-0.085062,-0.084581,-0.08412,-0.083664,-0.083287,-0.082829,-0.082394,-0.081988,-0.081558,-0.081251,-0.080838,-0.080471,-0.080094,-0.079607,-0.079102,-0.07858,-0.077979,-0.077323,-0.076466,-0.075465,-0.07418,-0.072788,-0.0714,-0.07014,-0.068619,-0.067301,-0.066332,-0.065274,-0.064575,-0.063866,-0.063083,-0.062518,-0.061593,-0.060761,-0.06011,-0.059268,-0.05844,-0.057662,-0.056782,-0.056011,-0.055176,-0.054196,-0.053373,-0.052431,-0.051576,-0.050699,-0.049738,-0.048834,-0.047925,-0.046904,-0.04601,-0.045041,-0.044113,-0.043099,-0.042121,-0.041167,-0.040128,-0.039156,-0.03823,-0.037208,-0.036322,-0.03524,-0.034278,-0.033316,-0.032237,-0.031282,-0.030217,-0.029141,-0.028232,-0.027091,-0.026033,-0.025148,-0.023927,-0.022899,-0.021874,-0.020679,-0.01961,-0.018529,-0.017384,-0.016385,-0.015125,-0.014034,-0.01295,-0.011708,-0.010503,-0.009301,-0.008092,-0.006952,-0.00566,-0.00442,-0.003207,-0.002003,-0.00072,0.000434,0.001718,0.002938,0.004172,0.005479,0.006711,0.007933,0.009336,0.010465,0.011811,0.013165,0.014241,0.015646,0.016982,0.018164,0.019587,0.020931,0.022193,0.023643,0.024847,0.026291,0.027652,0.028964,0.030425,0.031798,0.033143,0.034632,0.035923,0.037456,0.038876,0.040238,0.041735,0.043202,0.044596,0.046161,0.047491,0.049,0.050422,0.05198,0.053366,0.054903,0.056462,0.057942,0.059366,0.060927,0.062422,0.06394,0.0655,0.066856,0.068649,0.070083,0.07152,0.073214,0.074676,0.076258,0.077941,0.079314,0.081101,0.082626,0.084145,0.085823,0.087412,0.089034,0.090666,0.092146,0.09395,0.09552,0.097102,0.098792,0.100341,0.101253
0.073779,0.073007,0.071516,0.070124,0.06851,0.066895,0.065458,0.063763,0.062355,0.060978,0.059316,0.058002,0.056454,0.054926,0.053521,0.051909,0.050499,0.049101,0.047474,0.046257,0.044649,0.043131,0.041865,0.040302,0.038881,0.037589,0.036023,0.034731,0.033273,0.031871,0.030623,0.029192,0.027811,0.026488,0.025126,0.023724,0.022425,0.021081,0.019704,0.018349,0.017116,0.015778,0.014433,0.013114,0.011688,0.010477,0.009146,0.007804,0.006718,0.005371,0.00412,0.002881,0.001648,0.000455,-0.000794,-0.00203,-0.003074,-0.00436,-0.005427,-0.006551,-0.00783,-0.008959,-0.010054,-0.011317,-0.012477,-0.013588,-0.014747,-0.015811,-0.017029,-0.018099,-0.019131,-0.020199,-0.021341,-0.022372,-0.023388,-0.024573,-0.025608,-0.026784,-0.027819,-0.028943,-0.030082,-0.031186,-0.032445,-0.033675,-0.034794,-0.036163,-0.037338,-0.038409,-0.039603,-0.040607,-0.04176,-0.042883,-0.043886,-0.045054,-0.045987,-0.046865,-0.047865,-0.048787,-0.049676,-0.050616,-0.051426,-0.052426,-0.053288,-0.054059,-0.054912,-0.055863,-0.056594,-0.057464,-0.058238,-0.059153,-0.059958,-0.060802,-0.061557,-0.062306,-0.063166,-0.064027,-0.064687,-0.065521,-0.066346,-0.067125,-0.067979,-0.068701,-0.069745,-0.070663,-0.071317,-0.072067,-0.072922,-0.074006,-0.075162,-0.076263,-0.077229,-0.077927,-0.078607,-0.079518,-0.080715,-0.081381,-0.082359,-0.082845,-0.083905,-0.084457,-0.085203,-0.086147,-0.086812,-0.087526,-0.088158,-0.088951,-0.089709,-0.090379,-0.091134,-0.091944,-0.093033,-0.094478,-0.096694,-0.099611,-0.103683,-0.108328,-0.113195,-0.11733,-0.12116,-0.124162,-0.12598,-0.126876,-0.126693,-0.126192,-0.125328,-0.12437,-0.123392,-0.122272,-0.121101,-0.119907,-0.118877,-0.11808,-0.117485,-0.116959,-0.116595,-0.116146,-0.115911,-0.115728,-0.115669,-0.11549,-0.115342,-0.115288,-0.115182,-0.115073,-0.115038,-0.115033,-0.115057,-0.11498,-0.114967,-0.114984,-0.115015,-0.115027,-0.114981,-0.114968,-0.114984,-0.115044,-0.115012,-0.114979,-0.114909,-0.114928,-0.114943,-0.114906,-0.114874,-0.114822,-0.114834,-0.114844,-0.114796,-0.114783,-0.114783,-0.114735,-0.114705,-0.114599,-0.114572,-0.114445,-0.114329,-0.11421,-0.114208,-0.114122,-0.114123,-0.114003,-0.113864,-0.113825,-0.113633,-0.113557,-0.113579,-0.113406,-0.11328,-0.113211,-0.113042,-0.11295,-0.112857,-0.112655,-0.112466,-0.112316,-0.112161,-0.112007,-0.111877,-0.111623,-0.111456,-0.111219,-0.111045,-0.110848,-0.110628,-0.110364,-0.110084,-0.109831,-0.109647,-0.109532,-0.109288,-0.108939,-0.108712,-0.108465,-0.108231,-0.108011,-0.107695,-0.107452,-0.107225,-0.1068,-0.106563,-0.106258,-0.10596,-0.105649,-0.105318,-0.104982,-0.104728,-0.104496,-0.104057,-0.103718,-0.103427,-0.10313,-0.102794,-0.102438,-0.102069,-0.101691,-0.101289,-0.101038,-0.100679,-0.100497,-0.10006,-0.099688,-0.09951,-0.099092,-0.098784,-0.098304,-0.098212,-0.097689,-0.097734,-0.097442,-0.097274,-0.097024,-0.096895,-0.096918,-0.096624,-0.096809,-0.09686,-0.096961,-0.097345,-0.097665,-0.097636,-0.097716,-0.097673,-0.097607,-0.097204,-0.096254,-0.094913,-0.092811,-0.089962,-0.086729,-0.083444,-0.079978,-0.076841,-0.074071,-0.072101,-0.070776,-0.069574,-0.068797,-0.068063,-0.067133,-0.066523,-0.06559,-0.064778,-0.064046,-0.062997,-0.062109,-0.061235,-0.060235,-0.059374,-0.058422,-0.057343,-0.056442,-0.055399,-0.0545,-0.053461,-0.052341,-0.05125,-0.050164,-0.048917,-0.047877,-0.046716,-0.04563,-0.044507,-0.043457,-0.042404,-0.041335,-0.040225,-0.039265,-0.038234,-0.037264,-0.036073,-0.035092,-0.03414,-0.032991,-0.031961,-0.03085,-0.029813,-0.028808,-0.027623,-0.026543,-0.025555,-0.024302,-0.023233,-0.022223,-0.02098,-0.019891,-0.018727,-0.017553,-0.016479,-0.015084,-0.01386,-0.012665,-0.011273,-0.009983,-0.008594,-0.00711,-0.005646,-0.004065,-0.002638,-0.001083,0.000386,0.001948,0.003375,0.004889,0.00634,0.007711,0.009182,0.010552,0.011737,0.013116,0.014263,0.01568,0.017095,0.018179,0.019639,0.020964,0.022183,0.023645,0.025004,0.026356,0.027808,0.028992,0.030501,0.031906,0.033254,0.03482,0.036253,0.037633,0.039227,0.040591,0.042172,0.043634,0.04503,0.046575,0.04814,0.049533,0.051203,0.05252,0.054109,0.055585,0.057187,0.058643,0.060217,0.061803,0.063208,0.064669,0.066288,0.067883,0.069375,0.07103,0.072365,0.074267,0.075735,0.077196,0.0789,0.080471,0.082107,0.083662,0.085094,0.086936,0.088387,0.090019,0.091767,0.0933,0.095009,0.096547,0.098142,0.099992,0.101819,0.103163,0.1049,0.106763,0.107678
,,,,,,,,,,,,,,,,,,,,,,,,,,,,,,,,,,,,,,,,,,,,,,,,,,,,,,,,,,,,,,,,,,,,,,,,,,,,,,,,,,,,,,,,,,,,,,,,,,,,,,,,,,,,,,,,,,,,,,,,,,,,,,,,,,,,,,,,,,,,,,,,,,,,,,,,,,,,,,,,,,,,,,,,,,,,,,,,,,,,,,,,,,,,,,,,,,,,,,,,,,,,,,,,,,,,,,,,,,,,,,,,,,,,,,,,,,,,,,,,,,,,,,,,,,,,,,,,,,,,,,,,,,,,,,,,,,,,,,,,,,,,,,,,,,,,,,,,,,,,,,,,,,,,,,,,,,,,,,,,,,,,,,,,,,,,,,,,,,,,,,,,,,,,,,,,,,,,,,,,,,,,,,,,,,,,,,,,,,,,,,,,,,,,,,,,,,,,,,,,,,,,,,,,,,,,,,,,,,,,,,,,,,,,,,,,,,,,,,,,,,,,,,,,,,
09/12/20,,,,,,,,,,,,,,,,,,,,,,,,,,,,,,,,,,,,,,,,,,,,,,,,,,,,,,,,,,,,,,,,,,,,,,,,,,,,,,,,,,,,,,,,,,,,,,,,,,,,,,,,,,,,,,,,,,,,,,,,,,,,,,,,,,,,,,,,,,,,,,,,,,,,,,,,,,,,,,,,,,,,,,,,,,,,,,,,,,,,,,,,,,,,,,,,,,,,,,,,,,,,,,,,,,,,,,,,,,,,,,,,,,,,,,,,,,,,,,,,,,,,,,,,,,,,,,,,,,,,,,,,,,,,,,,,,,,,,,,,,,,,,,,,,,,,,,,,,,,,,,,,,,,,,,,,,,,,,,,,,,,,,,,,,,,,,,,,,,,,,,,,,,,,,,,,,,,,,,,,,,,,,,,,,,,,,,,,,,,,,,,,,,,,,,,,,,,,,,,,,,,,,,,,,,,,,,,,,,,,,,,,,,,,,,,,,,,,,,,,,,,,,,,,,,
32.41,0.8,401,,,,,,,,,,,,,,,,,,,,,,,,,,,,,,,,,,,,,,,,,,,,,,,,,,,,,,,,,,,,,,,,,,,,,,,,,,,,,,,,,,,,,,,,,,,,,,,,,,,,,,,,,,,,,,,,,,,,,,,,,,,,,,,,,,,,,,,,,,,,,,,,,,,,,,,,,,,,,,,,,,,,,,,,,,,,,,,,,,,,,,,,,,,,,,,,,,,,,,,,,,,,,,,,,,,,,,,,,,,,,,,,,,,,,,,,,,,,,,,,,,,,,,,,,,,,,,,,,,,,,,,,,,,,,,,,,,,,,,,,,,,,,,,,,,,,,,,,,,,,,,,,,,,,,,,,,,,,,,,,,,,,,,,,,,,,,,,,,,,,,,,,,,,,,,,,,,,,,,,,,,,,,,,,,,,,,,,,,,,,,,,,,,,,,,,,,,,,,,,,,,,,,,,,,,,,,,,,,,,,,,,,,,,,,,,,,,,,,,,,,,,,,,,,
0.14047,0.138944,0.136349,0.133744,0.131171,0.128364,0.12559,0.122886,0.120304,0.117787,0.114923,0.112268,0.109706,0.107042,0.104551,0.10174,0.099127,0.096688,0.09415,0.091585,0.088839,0.086285,0.083839,0.081299,0.078824,0.076153,0.073664,0.071268,0.068858,0.066269,0.06383,0.061376,0.058951,0.056586,0.054287,0.051758,0.049444,0.046937,0.044649,0.042403,0.039932,0.037501,0.035266,0.032832,0.030782,0.028397,0.026053,0.023784,0.021556,0.019541,0.017167,0.014884,0.012709,0.010684,0.008504,0.006261,0.004196,0.002164,0.000228,-0.002,-0.003975,-0.006032,-0.008058,-0.010028,-0.012111,-0.014208,-0.016123,-0.018127,-0.020173,-0.022145,-0.024051,-0.026025,-0.027912,-0.029917,-0.031829,-0.033646,-0.035503,-0.037396,-0.039354,-0.041179,-0.042881,-0.044624,-0.046592,-0.048346,-0.050165,-0.051818,-0.053474,-0.055325,-0.057053,-0.058697,-0.060368,-0.061988,-0.063733,-0.065391,-0.067016,-0.068606,-0.070202,-0.07186,-0.073421,-0.074862,-0.076458,-0.078021,-0.0795,-0.081073,-0.082567,-0.084003,-0.085472,-0.086866,-0.088382,-0.089861,-0.091307,-0.092558,-0.093895,-0.095342,-0.096711,-0.098044,-0.099213,-0.100635,-0.101935,-0.103231,-0.104489,-0.105577,-0.106904,-0.108205,-0.109354,-0.110612,-0.111687,-0.112908,-0.114087,-0.115205,-0.11632,-0.117456,-0.118548,-0.1196,-0.120644,-0.121756,-0.12276,-0.123822,-0.124764,-0.125711,-0.126749,-0.127703,-0.128642,-0.12956,-0.130386,-0.131363,-0.132253,-0.133086,-0.13395,-0.134791,-0.135624,-0.136402,-0.137154,-0.137925,-0.138734,-0.139517,-0.140256,-0.140987,-0.141639,-0.142339,-0.143025,-0.143716,-0.144314,-0.144929,-0.145557,-0.146178,-0.146746,-0.147328,-0.147907,-0.148409,-0.148978,-0.149486,-0.149987,-0.150458,-0.150925,-0.151322,-0.151834,-0.152189,-0.152629,-0.153035,-0.153387,-0.153819,-0.154097,-0.154381,-0.15468,-0.155017,-0.15536,-0.155565,-0.155794,-0.156093,-0.15631,-0.156521,-0.15672,-0.156905,-0.157032,-0.157181,-0.157328,-0.157452,-0.157542,-0.157645,-0.157731,-0.157781,-0.157798,-0.157825,-0.157812,-0.157816,-0.1578,-0.157739,-0.157696,-0.157656,-0.157573,-0.157465,-0.157324,-0.157212,-0.157085,-0.156898,-0.156717,-0.156564,-0.156393,-0.156133,-0.155905,-0.155708,-0.15537,-0.155071,-0.154779,-0.154495,-0.154191,-0.153798,-0.15345,-0.153083,-0.152656,-0.152291,-0.151825,-0.151422,-0.15098,-0.150507,-0.15004,-0.149548,-0.149052,-0.148454,-0.147923,-0.147409,-0.14681,-0.146228,-0.145593,-0.144982,-0.144414,-0.143728,-0.143027,-0.142311,-0.141691,-0.141018,-0.140251,-0.139502,-0.138799,-0.137928,-0.137179,-0.136401,-0.135544,-0.134673,-0.133826,-0.132996,-0.132082,-0.131193,-0.130292,-0.129373,-0.128445,-0.127471,-0.126537,-0.125538,-0.124507,-0.12347,-0.122425,-0.121408,-0.120353,-0.119275,-0.118142,-0.116996,-0.115875,-0.114755,-0.113507,-0.112344,-0.111157,-0.109963,-0.108794,-0.107472,-0.106212,-0.104982,-0.103754,-0.102434,-0.101026,-0.099668,-0.098379,-0.097029,-0.095614,-0.094158,-0.092712,-0.091362,-0.089953,-0.08839,-0.086931,-0.085411,-0.083927,-0.082391,-0.080916,-0.079297,-0.077757,-0.076112,-0.074505,-0.072983,-0.07129,-0.069607,-0.067951,-0.066249,-0.06467,-0.062858,-0.06106,-0.059338,-0.057573,-0.05587,-0.053966,-0.052139,-0.050381,-0.048636,-0.04673,-0.044764,-0.04301,-0.040992,-0.039275,-0.037106,-0.035136,-0.033122,-0.031126,-0.02923,-0.027132,-0.025036,-0.023095,-0.021037,-0.018857,-0.016768,-0.014721,-0.01259,-0.010517,-0.00823,-0.006057,-0.004056,-0.002024,0.000232,0.002614,0.004787,0.006838,0.008942,0.011455,0.013771,0.0162,0.018391,0.020584,0.023172,0.025594,0.027969,0.030364,0.032727,0.035293,0.037808,0.040229,0.042739,0.045298,0.047928,0.050476,0.052807,0.055477,0.058074,0.060585,0.063238,0.065926,0.068589,0.071065,0.073753,0.076573,0.079292,0.081999,0.084578,0.087268,0.090156,0.093032,0.095762,0.0983,0.101306,0.104117,0.107026,0.109821,0.112359,0.115425,0.118443,0.121283,0.124347,0.126921,0.129973,0.132904,0.135621,0.137277,,,,,,,,,,,,,,,,,,,,,,,,,,,,,,,,,,,,,,,,,,,,,,,,,,
0.134753,0.133224,0.13071,0.128082,0.125531,0.122745,0.120013,0.117322,0.114743,0.112259,0.109412,0.106778,0.104312,0.101645,0.099063,0.096478,0.093729,0.091287,0.088818,0.08623,0.083655,0.081113,0.078629,0.076285,0.073776,0.071118,0.068613,0.066357,0.06394,0.061441,0.058813,0.056577,0.054321,0.052185,0.04957,0.047171,0.045102,0.042172,0.039935,0.037695,0.035245,0.032947,0.030637,0.028506,0.026306,0.024036,0.02175,0.019464,0.017245,0.015146,0.012848,0.010675,0.00853,0.006665,0.004614,0.002475,0.000241,-0.00173,-0.003723,-0.005667,-0.007803,-0.009918,-0.011783,-0.013702,-0.015753,-0.017786,-0.019684,-0.021649,-0.023663,-0.025607,-0.027435,-0.029285,-0.031088,-0.033148,-0.035001,-0.036676,-0.038556,-0.04043,-0.042276,-0.04415,-0.045847,-0.047385,-0.049384,-0.051181,-0.052844,-0.054495,-0.056128,-0.05791,-0.05961,-0.061255,-0.06279,-0.06442,-0.066019,-0.067667,-0.069266,-0.070828,-0.072406,-0.073846,-0.075687,-0.076898,-0.078442,-0.079877,-0.081226,-0.082584,-0.084024,-0.08598,-0.087119,-0.088434,-0.08974,-0.09129,-0.09241,-0.093472,-0.094855,-0.096173,-0.097559,-0.098697,-0.099905,-0.101178,-0.102173,-0.103564,-0.104688,-0.105585,-0.106894,-0.108054,-0.10914,-0.110275,-0.111191,-0.112268,-0.113342,-0.114413,-0.115399,-0.116425,-0.117313,-0.118082,-0.118799,-0.119568,-0.120377,-0.121121,-0.122012,-0.122943,-0.123871,-0.124805,-0.125793,-0.126694,-0.127438,-0.128409,-0.129175,-0.129913,-0.130765,-0.1314,-0.132083,-0.132797,-0.133368,-0.133972,-0.134467,-0.135037,-0.135547,-0.136102,-0.136609,-0.137204,-0.137753,-0.138168,-0.138565,-0.13862,-0.138342,-0.137827,-0.137277,-0.13736,-0.137823,-0.138828,-0.140628,-0.142447,-0.143985,-0.145663,-0.146115,-0.146942,-0.147598,-0.148141,-0.148883,-0.149777,-0.150385,-0.14978,-0.150568,-0.151035,-0.151141,-0.151279,-0.151627,-0.151959,-0.152264,-0.152524,-0.152835,-0.152979,-0.153085,-0.153308,-0.153485,-0.153513,-0.153595,-0.153711,-0.153815,-0.153781,-0.153986,-0.153989,-0.15405,-0.153973,-0.153946,-0.153937,-0.153946,-0.153885,-0.153705,-0.153488,-0.153342,-0.153214,-0.153098,-0.152921,-0.152621,-0.15238,-0.152182,-0.151852,-0.151569,-0.151324,-0.150964,-0.150583,-0.15022,-0.149716,-0.149268,-0.14888,-0.148297,-0.147653,-0.147153,-0.146835,-0.147003,-0.147739,-0.149704,-0.151981,-0.153467,-0.154385,-0.155414,-0.155063,-0.153662,-0.152579,-0.151636,-0.150781,-0.150143,-0.149347,-0.148798,-0.147845,-0.147189,-0.146509,-0.145923,-0.144479,-0.144083,-0.14353,-0.142212,-0.141434,-0.140634,-0.13981,-0.138983,-0.137903,-0.136761,-0.135922,-0.134955,-0.134393,-0.133304,-0.132535,-0.13161,-0.130539,-0.129721,-0.128735,-0.127637,-0.126614,-0.12536,-0.124265,-0.122958,-0.12189,-0.120773,-0.119461,-0.118335,-0.117059,-0.115875,-0.114716,-0.113367,-0.112024,-0.110733,-0.109552,-0.108282,-0.106842,-0.105536,-0.104294,-0.102887,-0.101492,-0.100101,-0.098532,-0.09725,-0.095837,-0.0944,-0.092697,-0.091248,-0.089783,-0.088327,-0.086813,-0.085132,-0.083643,-0.082123,-0.080408,-0.07908,-0.077264,-0.07569,-0.073856,-0.072281,-0.070731,-0.06882,-0.067212,-0.065543,-0.063672,-0.061819,-0.060065,-0.058121,-0.056668,-0.054587,-0.053961,-0.051505,-0.049329,-0.047766,-0.046072,-0.043976,-0.042139,-0.039703,-0.037668,-0.03591,-0.033698,-0.031656,-0.029541,-0.027655,-0.025534,-0.023483,-0.021408,-0.019321,-0.017105,-0.01503,-0.012924,-0.01084,-0.008517,-0.006305,-0.00416,-0.001987,0.000208,0.00231,0.004443,0.006967,0.009161,0.011285,0.013455,0.016241,0.018564,0.020999,0.023172,0.025439,0.027963,0.030521,0.033014,0.035568,0.037823,0.04046,0.04299,0.045526,0.047928,0.050507,0.053125,0.056009,0.058392,0.060995,0.063568,0.066202,0.069003,0.07171,0.074356,0.07692,0.079752,0.082599,0.085294,0.087946,0.090765,0.093362,0.096432,0.099341,0.102066,0.104654,0.108115,0.110538,0.112967,0.117209,0.119708,0.121021,0.124255,0.127878,0.131842,0.133398,0.136896,0.139459,0.142661,0.14425,,,,,,,,,,,,,,,,,,,,,,,,,,,,,,,,,,,,,,,,,,,,,,,,,,
,,,,,,,,,,,,,,,,,,,,,,,,,,,,,,,,,,,,,,,,,,,,,,,,,,,,,,,,,,,,,,,,,,,,,,,,,,,,,,,,,,,,,,,,,,,,,,,,,,,,,,,,,,,,,,,,,,,,,,,,,,,,,,,,,,,,,,,,,,,,,,,,,,,,,,,,,,,,,,,,,,,,,,,,,,,,,,,,,,,,,,,,,,,,,,,,,,,,,,,,,,,,,,,,,,,,,,,,,,,,,,,,,,,,,,,,,,,,,,,,,,,,,,,,,,,,,,,,,,,,,,,,,,,,,,,,,,,,,,,,,,,,,,,,,,,,,,,,,,,,,,,,,,,,,,,,,,,,,,,,,,,,,,,,,,,,,,,,,,,,,,,,,,,,,,,,,,,,,,,,,,,,,,,,,,,,,,,,,,,,,,,,,,,,,,,,,,,,,,,,,,,,,,,,,,,,,,,,,,,,,,,,,,,,,,,,,,,,,,,,,,,,,,,,,,
09/13/20,,,,,,,,,,,,,,,,,,,,,,,,,,,,,,,,,,,,,,,,,,,,,,,,,,,,,,,,,,,,,,,,,,,,,,,,,,,,,,,,,,,,,,,,,,,,,,,,,,,,,,,,,,,,,,,,,,,,,,,,,,,,,,,,,,,,,,,,,,,,,,,,,,,,,,,,,,,,,,,,,,,,,,,,,,,,,,,,,,,,,,,,,,,,,,,,,,,,,,,,,,,,,,,,,,,,,,,,,,,,,,,,,,,,,,,,,,,,,,,,,,,,,,,,,,,,,,,,,,,,,,,,,,,,,,,,,,,,,,,,,,,,,,,,,,,,,,,,,,,,,,,,,,,,,,,,,,,,,,,,,,,,,,,,,,,,,,,,,,,,,,,,,,,,,,,,,,,,,,,,,,,,,,,,,,,,,,,,,,,,,,,,,,,,,,,,,,,,,,,,,,,,,,,,,,,,,,,,,,,,,,,,,,,,,,,,,,,,,,,,,,,,,,,,,,
38.27,0.8,401,,,,,,,,,,,,,,,,,,,,,,,,,,,,,,,,,,,,,,,,,,,,,,,,,,,,,,,,,,,,,,,,,,,,,,,,,,,,,,,,,,,,,,,,,,,,,,,,,,,,,,,,,,,,,,,,,,,,,,,,,,,,,,,,,,,,,,,,,,,,,,,,,,,,,,,,,,,,,,,,,,,,,,,,,,,,,,,,,,,,,,,,,,,,,,,,,,,,,,,,,,,,,,,,,,,,,,,,,,,,,,,,,,,,,,,,,,,,,,,,,,,,,,,,,,,,,,,,,,,,,,,,,,,,,,,,,,,,,,,,,,,,,,,,,,,,,,,,,,,,,,,,,,,,,,,,,,,,,,,,,,,,,,,,,,,,,,,,,,,,,,,,,,,,,,,,,,,,,,,,,,,,,,,,,,,,,,,,,,,,,,,,,,,,,,,,,,,,,,,,,,,,,,,,,,,,,,,,,,,,,,,,,,,,,,,,,,,,,,,,,,,,,,,,
1.536316,1.519058,1.489738,1.459381,1.428947,1.393379,1.362167,1.332153,1.300148,1.274574,1.241302,1.209465,1.179665,1.148048,1.12352,1.087379,1.060753,1.032478,1.001068,0.974648,0.940468,0.909645,0.884552,0.845001,0.834869,0.805504,0.772034,0.734581,0.715263,0.687065,0.658089,0.628006,0.603729,0.575584,0.550156,0.518188,0.493034,0.468025,0.441322,0.416206,0.390244,0.360802,0.3349,0.307076,0.284958,0.25827,0.229813,0.206276,0.180977,0.155045,0.130356,0.10643,0.082916,0.058464,0.036232,0.009026,-0.014587,-0.037239,-0.060295,-0.083305,-0.105675,-0.130608,-0.153099,-0.174553,-0.197159,-0.223824,-0.242218,-0.262909,-0.288353,-0.308403,-0.330185,-0.35173,-0.369965,-0.39212,-0.414642,-0.434532,-0.452248,-0.47345,-0.495598,-0.515747,-0.53524,-0.554237,-0.574051,-0.597275,-0.616829,-0.63343,-0.650192,-0.670815,-0.690468,-0.711189,-0.727753,-0.743431,-0.763741,-0.779755,-0.797073,-0.815834,-0.834389,-0.844147,-0.865288,-0.88311,-0.895798,-0.922501,-0.933578,-0.949097,-0.966789,-0.978104,-0.992996,-1.011887,-1.027199,-1.041176,-1.056496,-1.069893,-1.085106,-1.101578,-1.116653,-1.129929,-1.140488,-1.155243,-1.171135,-1.183998,-1.196701,-1.209747,-1.223503,-1.237267,-1.247978,-1.259476,-1.272499,-1.284157,-1.29615,-1.308647,-1.320976,-1.33313,-1.343369,-1.353096,-1.363243,-1.374451,-1.386032,-1.39492,-1.404823,-1.414902,-1.425255,-1.43605,-1.44416,-1.454353,-1.463753,-1.474274,-1.481781,-1.490265,-1.496887,-1.507011,-1.513206,-1.521683,-1.530235,-1.539337,-1.548157,-1.554466,-1.556061,-1.567589,-1.573174,-1.578674,-1.587875,-1.595459,-1.604904,-1.608177,-1.61261,-1.613144,-1.625168,-1.622925,-1.63076,-1.639343,-1.639709,-1.640961,-1.653145,-1.65963,-1.660362,-1.665924,-1.668411,-1.674187,-1.675011,-1.682503,-1.682678,-1.683151,-1.688774,-1.692543,-1.695778,-1.696686,-1.698257,-1.700836,-1.702126,-1.703293,-1.70401,-1.705688,-1.708061,-1.708473,-1.709846,-1.711967,-1.712189,-1.709427,-1.711876,-1.712471,-1.710892,-1.711639,-1.709518,-1.70842,-1.706696,-1.708405,-1.7089,-1.705994,-1.704536,-1.701721,-1.701729,-1.699867,-1.698471,-1.694138,-1.690193,-1.68766,-1.686592,-1.681831,-1.68084,-1.678711,-1.675873,-1.669083,-1.666428,-1.663368,-1.65657,-1.652534,-1.647995,-1.644829,-1.63961,-1.636528,-1.632256,-1.621979,-1.61805,-1.60965,-1.604393,-1.602638,-1.594376,-1.593933,-1.581192,-1.573616,-1.568428,-1.570564,-1.559547,-1.548279,-1.5448,-1.535774,-1.526665,-1.51902,-1.510063,-1.499336,-1.493019,-1.486473,-1.478271,-1.467224,-1.457764,-1.450233,-1.441895,-1.429291,-1.421173,-1.412575,-1.400017,-1.39415,-1.382156,-1.370987,-1.359322,-1.347862,-1.337753,-1.324852,-1.315659,-1.303314,-1.29245,-1.281273,-1.268669,-1.25695,-1.245132,-1.231857,-1.220375,-1.20739,-1.192772,-1.181366,-1.16848,-1.155083,-1.139992,-1.126511,-1.113289,-1.100433,-1.084724,-1.072342,-1.058411,-1.043251,-1.027237,-1.01355,-0.999153,-0.983833,-0.967033,-0.952751,-0.936249,-0.921249,-0.903603,-0.887169,-0.871475,-0.853882,-0.838524,-0.821259,-0.800476,-0.789558,-0.770554,-0.74794,-0.73391,-0.722061,-0.695107,-0.676994,-0.660561,-0.648079,-0.63105,-0.59919,-0.589195,-0.572723,-0.549278,-0.531296,-0.510796,-0.491798,-0.475204,-0.456047,-0.43325,-0.41259,-0.392273,-0.371315,-0.350876,-0.329628,-0.308846,-0.289566,-0.26741,-0.248016,-0.222931,-0.201027,-0.181618,-0.159523,-0.135498,-0.114342,-0.093117,-0.070648,-0.047905,-0.023888,-0.001518,0.021004,0.043633,0.066109,0.093361,0.116295,0.140457,0.161293,0.188164,0.212677,0.238518,0.261856,0.286827,0.311508,0.334755,0.360878,0.387413,0.40966,0.438972,0.463379,0.490021,0.514809,0.539566,0.567513,0.59565,0.619522,0.64402,0.674438,0.698761,0.726326,0.752205,0.777321,0.808411,0.83416,0.862099,0.887466,0.921738,0.952965,0.974556,0.999702,1.032455,1.05983,1.085625,1.119202,1.144318,1.178017,1.208305,1.232277,1.261513,1.291313,1.322098,1.352745,1.380127,1.410599,1.438599,1.467537,1.484863,,,,,,,,,,,,,,,,,,,,,,,,,,,,,,,,,,,,,,,,,,,,,,,,,,
1.530754,1.512123,1.481018,1.454414,1.421616,1.389015,1.354416,1.323555,1.295494,1.263771,1.233292,1.208366,1.1745,1.141266,1.115623,1.082573,1.052773,1.022758,0.998741,0.970497,0.93103,0.90892,0.880081,0.849777,0.822182,0.792358,0.772209,0.734596,0.706581,0.683708,0.655144,0.625412,0.595703,0.572845,0.54377,0.511192,0.490936,0.460342,0.434013,0.409904,0.38195,0.352409,0.327011,0.300278,0.280586,0.253494,0.226898,0.201965,0.177071,0.154282,0.132172,0.105141,0.080414,0.055954,0.033875,0.007072,-0.018692,-0.043274,-0.060867,-0.083405,-0.108887,-0.134872,-0.156326,-0.175659,-0.200356,-0.223541,-0.244736,-0.267891,-0.291397,-0.31031,-0.332977,-0.352509,-0.375137,-0.396736,-0.417641,-0.438812,-0.454727,-0.473946,-0.498741,-0.518608,-0.537857,-0.556297,-0.574524,-0.595444,-0.614571,-0.631828,-0.652161,-0.66935,-0.690132,-0.706909,-0.721001,-0.738289,-0.762169,-0.77993,-0.799103,-0.809479,-0.834457,-0.853386,-0.857819,-0.87925,-0.904236,-0.910233,-0.9319,-0.955147,-0.962646,-0.979866,-0.992279,-1.010475,-1.024628,-1.04158,-1.056236,-1.068016,-1.084641,-1.098717,-1.113098,-1.127861,-1.140472,-1.157089,-1.165787,-1.180908,-1.191429,-1.203934,-1.216537,-1.22789,-1.238708,-1.25177,-1.264061,-1.276428,-1.286064,-1.295982,-1.305542,-1.316086,-1.327469,-1.336082,-1.34745,-1.357384,-1.371376,-1.379326,-1.386192,-1.396637,-1.400597,-1.40538,-1.408043,-1.410469,-1.41111,-1.415428,-1.418205,-1.422874,-1.424797,-1.43013,-1.438995,-1.446831,-1.454147,-1.461525,-1.472382,-1.476669,-1.479187,-1.486237,-1.494774,-1.496887,-1.495239,-1.497101,-1.5028,-1.503212,-1.500648,-1.513252,-1.500229,-1.500526,-1.510353,-1.507164,-1.506767,-1.515907,-1.486794,-1.455536,-1.412476,-1.376625,-1.346985,-1.32682,-1.335785,-1.355339,-1.378952,-1.405151,-1.425446,-1.439598,-1.453293,-1.463501,-1.472168,-1.47744,-1.481102,-1.491051,-1.493149,-1.497169,-1.500618,-1.505432,-1.505341,-1.509453,-1.509064,-1.508911,-1.510925,-1.51416,-1.515099,-1.513634,-1.513268,-1.514015,-1.510735,-1.511894,-1.512436,-1.506958,-1.50573,-1.502968,-1.50135,-1.49855,-1.495667,-1.493202,-1.489311,-1.485535,-1.480141,-1.474228,-1.470818,-1.463623,-1.458549,-1.452736,-1.447876,-1.440315,-1.432648,-1.420624,-1.410034,-1.404106,-1.391823,-1.379822,-1.368813,-1.352333,-1.335854,-1.319099,-1.291298,-1.261421,-1.221764,-1.191048,-1.15995,-1.154472,-1.194069,-1.242767,-1.282791,-1.344246,-1.396683,-1.423225,-1.429962,-1.424133,-1.421707,-1.414581,-1.413132,-1.405373,-1.40213,-1.398941,-1.396324,-1.392799,-1.387474,-1.382896,-1.374756,-1.370903,-1.362267,-1.352791,-1.342606,-1.330055,-1.322182,-1.310753,-1.30072,-1.290405,-1.280304,-1.270348,-1.263824,-1.254013,-1.246887,-1.241486,-1.233978,-1.225822,-1.213554,-1.20166,-1.193619,-1.180649,-1.165985,-1.153915,-1.140251,-1.126022,-1.113365,-1.099403,-1.08535,-1.071365,-1.057114,-1.044052,-1.026886,-1.012352,-1.002747,-0.989304,-0.969902,-0.951805,-0.937836,-0.922386,-0.906822,-0.888008,-0.873016,-0.857758,-0.841324,-0.821693,-0.808945,-0.793427,-0.776207,-0.755836,-0.729485,-0.710518,-0.707985,-0.691399,-0.67601,-0.645081,-0.624565,-0.611832,-0.590462,-0.570763,-0.550583,-0.53228,-0.513611,-0.492859,-0.47332,-0.455727,-0.435738,-0.412758,-0.391335,-0.3713,-0.354134,-0.330872,-0.307182,-0.288506,-0.266418,-0.24707,-0.226318,-0.203224,-0.18042,-0.160454,-0.136124,-0.114647,-0.091858,-0.069801,-0.046906,-0.02562,0.000099,0.022705,0.046303,0.069412,0.092339,0.115837,0.138245,0.161507,0.189209,0.21257,0.237892,0.262001,0.282997,0.309525,0.337044,0.359779,0.386147,0.411697,0.440079,0.465225,0.488586,0.51535,0.544991,0.572289,0.598938,0.621536,0.647354,0.677132,0.703453,0.728241,0.757256,0.781624,0.809448,0.837799,0.863113,0.896393,0.919075,0.951614,0.98304,1.012268,1.028778,1.06411,1.09481,1.119659,1.149391,1.179749,1.207886,1.23719,1.265648,1.297546,1.323639,1.354988,1.382668,1.413139,1.443764,1.470192,1.489601,,,,,,,,,,,,,,,,,,,,,,,,,,,,,,,,,,,,,,,,,,,,,,,,,,
,,,,,,,,,,,,,,,,,,,,,,,,,,,,,,,,,,,,,,,,,,,,,,,,,,,,,,,,,,,,,,,,,,,,,,,,,,,,,,,,,,,,,,,,,,,,,,,,,,,,,,,,,,,,,,,,,,,,,,,,,,,,,,,,,,,,,,,,,,,,,,,,,,,,,,,,,,,,,,,,,,,,,,,,,,,,,,,,,,,,,,,,,,,,,,,,,,,,,,,,,,,,,,,,,,,,,,,,,,,,,,,,,,,,,,,,,,,,,,,,,,,,,,,,,,,,,,,,,,,,,,,,,,,,,,,,,,,,,,,,,,,,,,,,,,,,,,,,,,,,,,,,,,,,,,,,,,,,,,,,,,,,,,,,,,,,,,,,,,,,,,,,,,,,,,,,,,,,,,,,,,,,,,,,,,,,,,,,,,,,,,,,,,,,,,,,,,,,,,,,,,,,,,,,,,,,,,,,,,,,,,,,,,,,,,,,,,,,,,,,,,,,,,,,,,
09/14/20,,,,,,,,,,,,,,,,,,,,,,,,,,,,,,,,,,,,,,,,,,,,,,,,,,,,,,,,,,,,,,,,,,,,,,,,,,,,,,,,,,,,,,,,,,,,,,,,,,,,,,,,,,,,,,,,,,,,,,,,,,,,,,,,,,,,,,,,,,,,,,,,,,,,,,,,,,,,,,,,,,,,,,,,,,,,,,,,,,,,,,,,,,,,,,,,,,,,,,,,,,,,,,,,,,,,,,,,,,,,,,,,,,,,,,,,,,,,,,,,,,,,,,,,,,,,,,,,,,,,,,,,,,,,,,,,,,,,,,,,,,,,,,,,,,,,,,,,,,,,,,,,,,,,,,,,,,,,,,,,,,,,,,,,,,,,,,,,,,,,,,,,,,,,,,,,,,,,,,,,,,,,,,,,,,,,,,,,,,,,,,,,,,,,,,,,,,,,,,,,,,,,,,,,,,,,,,,,,,,,,,,,,,,,,,,,,,,,,,,,,,,,,,,,,,
32.925,0.8,401,,,,,,,,,,,,,,,,,,,,,,,,,,,,,,,,,,,,,,,,,,,,,,,,,,,,,,,,,,,,,,,,,,,,,,,,,,,,,,,,,,,,,,,,,,,,,,,,,,,,,,,,,,,,,,,,,,,,,,,,,,,,,,,,,,,,,,,,,,,,,,,,,,,,,,,,,,,,,,,,,,,,,,,,,,,,,,,,,,,,,,,,,,,,,,,,,,,,,,,,,,,,,,,,,,,,,,,,,,,,,,,,,,,,,,,,,,,,,,,,,,,,,,,,,,,,,,,,,,,,,,,,,,,,,,,,,,,,,,,,,,,,,,,,,,,,,,,,,,,,,,,,,,,,,,,,,,,,,,,,,,,,,,,,,,,,,,,,,,,,,,,,,,,,,,,,,,,,,,,,,,,,,,,,,,,,,,,,,,,,,,,,,,,,,,,,,,,,,,,,,,,,,,,,,,,,,,,,,,,,,,,,,,,,,,,,,,,,,,,,,,,,,,,,
2.895808,2.862825,2.804872,2.745789,2.689189,2.625587,2.566454,2.506695,2.448081,2.39162,2.329071,2.270047,2.212806,2.155533,2.100101,2.039132,1.97984,1.92501,1.871294,1.814068,1.751521,1.697779,1.64443,1.590274,1.534539,1.475518,1.422134,1.362264,1.309677,1.256237,1.204244,1.154088,1.097875,1.046807,0.99459,0.941028,0.890171,0.836061,0.787035,0.739026,0.685204,0.633453,0.583879,0.53324,0.488193,0.437154,0.386734,0.337753,0.289132,0.243493,0.193566,0.146317,0.098211,0.054518,0.008419,-0.041065,-0.087909,-0.133562,-0.176024,-0.222107,-0.266875,-0.312212,-0.357215,-0.400394,-0.444294,-0.489461,-0.529017,-0.572052,-0.61517,-0.658157,-0.697454,-0.739532,-0.780718,-0.823276,-0.864851,-0.90166,-0.940711,-0.979921,-1.021367,-1.060777,-1.09766,-1.133233,-1.174432,-1.210193,-1.249495,-1.285443,-1.319248,-1.357802,-1.395243,-1.430627,-1.46553,-1.499439,-1.535563,-1.567947,-1.603548,-1.6356,-1.672199,-1.707426,-1.739848,-1.767405,-1.802721,-1.832957,-1.864368,-1.896845,-1.927168,-1.958193,-1.987357,-2.016768,-2.048248,-2.077325,-2.108505,-2.133703,-2.161048,-2.191954,-2.220435,-2.246936,-2.271125,-2.300881,-2.32704,-2.353424,-2.379513,-2.402549,-2.428235,-2.455658,-2.479423,-2.503055,-2.525625,-2.549413,-2.572454,-2.595756,-2.618954,-2.641912,-2.662337,-2.683112,-2.704241,-2.725762,-2.746972,-2.767288,-2.785611,-2.805262,-2.825285,-2.84356,-2.862559,-2.879308,-2.897288,-2.91676,-2.933996,-2.949207,-2.964718,-2.981947,-2.999005,-3.015027,-3.029761,-3.043359,-3.057407,-3.073008,-3.087587,-3.101128,-3.113185,-3.127667,-3.140315,-3.152669,-3.1636,-3.175074,-3.186815,-3.200124,-3.207869,-3.219142,-3.223401,-3.23469,-3.248196,-3.256159,-3.264391,-3.275736,-3.283064,-3.289296,-3.296945,-3.306213,-3.310945,-3.318541,-3.324102,-3.330158,-3.337148,-3.342907,-3.345846,-3.351008,-3.356247,-3.359719,-3.362622,-3.365404,-3.368495,-3.370268,-3.373628,-3.376009,-3.377301,-3.378876,-3.379613,-3.379701,-3.379935,-3.379474,-3.378247,-3.378782,-3.379055,-3.37738,-3.373942,-3.372964,-3.37059,-3.367686,-3.364873,-3.362622,-3.357519,-3.354614,-3.349828,-3.345147,-3.339915,-3.335931,-3.329593,-3.323356,-3.317897,-3.310242,-3.303457,-3.297531,-3.288861,-3.281252,-3.272858,-3.264923,-3.255215,-3.245682,-3.235716,-3.226813,-3.218704,-3.206351,-3.194143,-3.183862,-3.173109,-3.161618,-3.147959,-3.137931,-3.121665,-3.112139,-3.102602,-3.088437,-3.068454,-3.054447,-3.037316,-3.024138,-3.010342,-2.996896,-2.978917,-2.962429,-2.944504,-2.929126,-2.912259,-2.89378,-2.87401,-2.857412,-2.840049,-2.820745,-2.801261,-2.780431,-2.760128,-2.741209,-2.721539,-2.701506,-2.678772,-2.65731,-2.635512,-2.613549,-2.591339,-2.5688,-2.544256,-2.520599,-2.496789,-2.473958,-2.450692,-2.422636,-2.398797,-2.372474,-2.347326,-2.32291,-2.295892,-2.269667,-2.242369,-2.215047,-2.187737,-2.157506,-2.129852,-2.102098,-2.072706,-2.044264,-2.013194,-1.984209,-1.95432,-1.924305,-1.893748,-1.862172,-1.830468,-1.799282,-1.766656,-1.733266,-1.69991,-1.667128,-1.63284,-1.602107,-1.567654,-1.531436,-1.495861,-1.460163,-1.42543,-1.39311,-1.360087,-1.321837,-1.281869,-1.245846,-1.210247,-1.173559,-1.128769,-1.099879,-1.058075,-1.021522,-0.980647,-0.93887,-0.898424,-0.862666,-0.821782,-0.777786,-0.737661,-0.697349,-0.65863,-0.614126,-0.573829,-0.529978,-0.487793,-0.445328,-0.400516,-0.355901,-0.314857,-0.27076,-0.223329,-0.17768,-0.13532,-0.090034,-0.045307,0.003642,0.04992,0.094225,0.139469,0.187078,0.239163,0.28624,0.332226,0.376965,0.430666,0.479109,0.529819,0.57604,0.624564,0.677065,0.728043,0.77938,0.830343,0.880176,0.932031,0.984609,1.036974,1.088804,1.140676,1.196788,1.249176,1.296358,1.3534,1.407942,1.45922,1.515693,1.571838,1.628001,1.680037,1.736343,1.795878,1.851568,1.907964,1.961494,2.020467,2.079831,2.135232,2.191138,2.245814,2.309789,2.365609,2.425576,2.484019,2.537138,2.599789,2.660094,2.719788,2.779573,2.836541,2.899529,2.95884,3.017476,3.048114,,,,,,,,,,,,,,,,,,,,,,,,,,,,,,,,,,,,,,,,,,,,,,,,,,
2.829595,2.794732,2.737218,2.679876,2.623048,2.561838,2.500476,2.440273,2.382968,2.328134,2.265628,2.206403,2.150361,2.092228,2.036082,1.973441,1.917084,1.864118,1.808776,1.752575,1.692396,1.636328,1.583649,1.527007,1.47303,1.415282,1.360185,1.308773,1.257126,1.198536,1.147269,1.094368,1.041189,0.989522,0.93863,0.883897,0.833642,0.780003,0.729561,0.682632,0.629265,0.579224,0.528489,0.4774,0.430674,0.382445,0.333886,0.282616,0.234062,0.190394,0.140202,0.09456,0.046343,0.004641,-0.043629,-0.092902,-0.139901,-0.185303,-0.226451,-0.272429,-0.318494,-0.363668,-0.406743,-0.448981,-0.494226,-0.537103,-0.578175,-0.620916,-0.66455,-0.707071,-0.747148,-0.787296,-0.827335,-0.869219,-0.910112,-0.947013,-0.986017,-1.026332,-1.067424,-1.105338,-1.141485,-1.177457,-1.218717,-1.257121,-1.293794,-1.327259,-1.362712,-1.399993,-1.437051,-1.47192,-1.50651,-1.540344,-1.575536,-1.609317,-1.642184,-1.67576,-1.709909,-1.743006,-1.776656,-1.806339,-1.839355,-1.870163,-1.900016,-1.932289,-1.96354,-1.994436,-2.022728,-2.052003,-2.082929,-2.111547,-2.139286,-2.165815,-2.194052,-2.22102,-2.247569,-2.271872,-2.296106,-2.320581,-2.349285,-2.368951,-2.388271,-2.41113,-2.437817,-2.458586,-2.475533,-2.497857,-2.515822,-2.538446,-2.558975,-2.580329,-2.602269,-2.621787,-2.642657,-2.661402,-2.674534,-2.681248,-2.686228,-2.684817,-2.67148,-2.665379,-2.665546,-2.667854,-2.674001,-2.686119,-2.70112,-2.714816,-2.73015,-2.744912,-2.758958,-2.771792,-2.785712,-2.797754,-2.808264,-2.816864,-2.823472,-2.827268,-2.828292,-2.827864,-2.826251,-2.825339,-2.825643,-2.828396,-2.829999,-2.831914,-2.83476,-2.843268,-2.844523,-2.71004,-2.567256,-2.500479,-2.404896,-2.272228,-2.272731,-2.370749,-2.422178,-2.480849,-2.551178,-2.592987,-2.62525,-2.650031,-2.672464,-2.691372,-2.708771,-2.722342,-2.733739,-2.744754,-2.753232,-2.761993,-2.772078,-2.776763,-2.778282,-2.78331,-2.787528,-2.795945,-2.792273,-2.797732,-2.794593,-2.7977,-2.795821,-2.794024,-2.789815,-2.787483,-2.783733,-2.778748,-2.774782,-2.768936,-2.762783,-2.754466,-2.746677,-2.737481,-2.72809,-2.717906,-2.707446,-2.69374,-2.680974,-2.666312,-2.653103,-2.633251,-2.615135,-2.594579,-2.573776,-2.551151,-2.522746,-2.493395,-2.459986,-2.423211,-2.381535,-2.327886,-2.267242,-2.172142,-2.053054,-1.961571,-1.832918,-1.682362,-1.794233,-2.04355,-2.168605,-2.329086,-2.621651,-2.770368,-2.744348,-2.738159,-2.736197,-2.736762,-2.735125,-2.735067,-2.737034,-2.741858,-2.749413,-2.754284,-2.756382,-2.758032,-2.75193,-2.742238,-2.728845,-2.711993,-2.698123,-2.680723,-2.659868,-2.640727,-2.621885,-2.60612,-2.585189,-2.570068,-2.552741,-2.538706,-2.532419,-2.523518,-2.520074,-2.505575,-2.490227,-2.474402,-2.452595,-2.430578,-2.408283,-2.38135,-2.355372,-2.331829,-2.308442,-2.284064,-2.257492,-2.231942,-2.207471,-2.181438,-2.157068,-2.129421,-2.101864,-2.075504,-2.04805,-2.01858,-1.987161,-1.958988,-1.929114,-1.898305,-1.867756,-1.834049,-1.802218,-1.771788,-1.738658,-1.705031,-1.671762,-1.63755,-1.604546,-1.571471,-1.538235,-1.502197,-1.466623,-1.430579,-1.395111,-1.362835,-1.324654,-1.287041,-1.249102,-1.212624,-1.179003,-1.139112,-1.100257,-1.062108,-1.022185,-0.985494,-0.944761,-0.905238,-0.865028,-0.825142,-0.785806,-0.741402,-0.699984,-0.65941,-0.620199,-0.574436,-0.533662,-0.489606,-0.447203,-0.405465,-0.365804,-0.315624,-0.269936,-0.232334,-0.181442,-0.135512,-0.092611,-0.045733,-0.001879,0.045678,0.092772,0.138828,0.185338,0.232722,0.284173,0.331296,0.377803,0.424836,0.477341,0.526424,0.57687,0.623542,0.671291,0.725241,0.777632,0.828926,0.878911,0.928961,0.982494,1.035535,1.085804,1.139848,1.193521,1.247211,1.30208,1.351939,1.40613,1.460969,1.514173,1.571168,1.625863,1.681159,1.734371,1.789566,1.848311,1.906146,1.962978,2.017874,2.073484,2.134215,2.193136,2.250622,2.304015,2.366119,2.423901,2.485083,2.54273,2.596626,2.65876,2.721536,2.780871,2.842122,2.898207,2.960903,3.020679,3.07962,3.111432,,,,,,,,,,,,,,,,,,,,,,,,,,,,,,,,,,,,,,,,,,,,,,,,,,
,,,,,,,,,,,,,,,,,,,,,,,,,,,,,,,,,,,,,,,,,,,,,,,,,,,,,,,,,,,,,,,,,,,,,,,,,,,,,,,,,,,,,,,,,,,,,,,,,,,,,,,,,,,,,,,,,,,,,,,,,,,,,,,,,,,,,,,,,,,,,,,,,,,,,,,,,,,,,,,,,,,,,,,,,,,,,,,,,,,,,,,,,,,,,,,,,,,,,,,,,,,,,,,,,,,,,,,,,,,,,,,,,,,,,,,,,,,,,,,,,,,,,,,,,,,,,,,,,,,,,,,,,,,,,,,,,,,,,,,,,,,,,,,,,,,,,,,,,,,,,,,,,,,,,,,,,,,,,,,,,,,,,,,,,,,,,,,,,,,,,,,,,,,,,,,,,,,,,,,,,,,,,,,,,,,,,,,,,,,,,,,,,,,,,,,,,,,,,,,,,,,,,,,,,,,,,,,,,,,,,,,,,,,,,,,,,,,,,,,,,,,,,,,,,,
12/06/20,,,,,,,,,,,,,,,,,,,,,,,,,,,,,,,,,,,,,,,,,,,,,,,,,,,,,,,,,,,,,,,,,,,,,,,,,,,,,,,,,,,,,,,,,,,,,,,,,,,,,,,,,,,,,,,,,,,,,,,,,,,,,,,,,,,,,,,,,,,,,,,,,,,,,,,,,,,,,,,,,,,,,,,,,,,,,,,,,,,,,,,,,,,,,,,,,,,,,,,,,,,,,,,,,,,,,,,,,,,,,,,,,,,,,,,,,,,,,,,,,,,,,,,,,,,,,,,,,,,,,,,,,,,,,,,,,,,,,,,,,,,,,,,,,,,,,,,,,,,,,,,,,,,,,,,,,,,,,,,,,,,,,,,,,,,,,,,,,,,,,,,,,,,,,,,,,,,,,,,,,,,,,,,,,,,,,,,,,,,,,,,,,,,,,,,,,,,,,,,,,,,,,,,,,,,,,,,,,,,,,,,,,,,,,,,,,,,,,,,,,,,,,,,,,,
32.19,0.8,401,,,,,,,,,,,,,,,,,,,,,,,,,,,,,,,,,,,,,,,,,,,,,,,,,,,,,,,,,,,,,,,,,,,,,,,,,,,,,,,,,,,,,,,,,,,,,,,,,,,,,,,,,,,,,,,,,,,,,,,,,,,,,,,,,,,,,,,,,,,,,,,,,,,,,,,,,,,,,,,,,,,,,,,,,,,,,,,,,,,,,,,,,,,,,,,,,,,,,,,,,,,,,,,,,,,,,,,,,,,,,,,,,,,,,,,,,,,,,,,,,,,,,,,,,,,,,,,,,,,,,,,,,,,,,,,,,,,,,,,,,,,,,,,,,,,,,,,,,,,,,,,,,,,,,,,,,,,,,,,,,,,,,,,,,,,,,,,,,,,,,,,,,,,,,,,,,,,,,,,,,,,,,,,,,,,,,,,,,,,,,,,,,,,,,,,,,,,,,,,,,,,,,,,,,,,,,,,,,,,,,,,,,,,,,,,,,,,,,,,,,,,,,,,,
0.960143,0.942426,0.912244,0.881991,0.85056,0.81894,0.78729,0.756862,0.725152,0.694492,0.663449,0.631232,0.601685,0.572534,0.546235,0.511842,0.482431,0.453774,0.424804,0.395979,0.365368,0.336252,0.307329,0.278592,0.250759,0.222214,0.191612,0.165155,0.137442,0.108489,0.083714,0.053443,0.027754,0.000933,-0.024155,-0.052968,-0.079042,-0.10623,-0.134179,-0.158202,-0.184182,-0.210621,-0.23672,-0.262275,-0.286193,-0.311034,-0.335695,-0.361912,-0.386408,-0.409343,-0.435028,-0.45912,-0.484617,-0.505851,-0.528644,-0.554898,-0.576618,-0.599161,-0.621254,-0.644144,-0.667666,-0.689354,-0.711449,-0.731582,-0.755031,-0.775768,-0.795909,-0.819151,-0.83963,-0.860726,-0.881139,-0.902596,-0.922735,-0.941712,-0.961037,-0.980948,-1.001476,-1.019708,-1.039976,-1.058411,-1.078885,-1.09388,-1.114662,-1.133816,-1.15177,-1.168528,-1.183323,-1.204846,-1.221204,-1.238168,-1.25533,-1.27185,-1.288953,-1.305463,-1.320901,-1.337023,-1.352894,-1.367159,-1.385236,-1.400229,-1.41435,-1.430099,-1.443654,-1.459575,-1.474101,-1.488492,-1.501277,-1.515371,-1.528174,-1.543926,-1.55681,-1.569276,-1.580873,-1.594211,-1.608002,-1.618511,-1.630433,-1.64288,-1.655672,-1.666162,-1.677238,-1.68764,-1.69818,-1.710019,-1.721393,-1.732477,-1.743288,-1.752611,-1.760741,-1.770501,-1.780951,-1.788542,-1.798264,-1.806264,-1.814531,-1.82364,-1.830865,-1.839032,-1.848786,-1.85647,-1.862834,-1.870967,-1.878446,-1.884556,-1.890725,-1.898475,-1.903761,-1.910788,-1.918285,-1.923172,-1.928351,-1.933512,-1.941226,-1.944596,-1.950385,-1.954368,-1.959962,-1.964024,-1.965428,-1.972065,-1.975214,-1.977091,-1.981747,-1.985034,-1.988605,-1.991135,-1.992722,-1.996039,-1.99762,-1.999087,-2.002105,-2.002836,-2.005465,-2.006004,-2.006813,-2.008931,-2.011224,-2.011084,-2.010454,-2.010891,-2.010181,-2.009585,-2.010146,-2.008486,-2.010202,-2.008482,-2.005254,-2.00482,-2.002683,-2.002086,-1.998545,-1.997846,-1.995757,-1.992341,-1.990142,-1.986465,-1.982916,-1.9815,-1.977976,-1.972844,-1.969757,-1.965613,-1.961873,-1.958003,-1.95236,-1.94823,-1.943959,-1.937335,-1.931777,-1.926559,-1.921425,-1.914064,-1.90852,-1.903083,-1.894732,-1.889053,-1.881225,-1.87472,-1.868173,-1.85995,-1.85333,-1.846238,-1.837878,-1.82757,-1.821027,-1.811531,-1.801376,-1.793427,-1.785959,-1.776255,-1.765545,-1.75558,-1.746078,-1.734243,-1.724374,-1.714651,-1.70493,-1.694162,-1.681364,-1.669879,-1.659903,-1.650019,-1.636856,-1.623963,-1.611143,-1.599236,-1.587946,-1.575556,-1.561771,-1.549176,-1.533942,-1.521731,-1.506825,-1.494239,-1.479778,-1.46473,-1.451828,-1.435446,-1.419274,-1.405366,-1.389461,-1.376295,-1.359437,-1.343915,-1.328819,-1.309788,-1.294179,-1.277913,-1.261983,-1.24504,-1.2269,-1.2103,-1.19174,-1.177028,-1.159762,-1.139926,-1.120906,-1.101095,-1.083275,-1.065024,-1.045695,-1.02707,-1.007934,-0.987001,-0.968921,-0.948637,-0.927051,-0.907403,-0.887785,-0.867265,-0.845132,-0.824688,-0.804816,-0.782656,-0.760399,-0.737148,-0.717547,-0.695985,-0.671953,-0.645724,-0.62506,-0.601106,-0.580619,-0.55815,-0.535147,-0.510595,-0.485604,-0.461288,-0.436776,-0.41652,-0.38968,-0.365047,-0.339255,-0.31273,-0.288688,-0.262185,-0.236865,-0.209626,-0.182471,-0.159436,-0.132515,-0.103586,-0.078506,-0.053937,-0.026134,0.002602,0.030991,0.059166,0.085773,0.11348,0.141414,0.171415,0.199963,0.229118,0.258356,0.287861,0.316614,0.34592,0.374657,0.404282,0.434889,0.465139,0.49503,0.527024,0.556851,0.586525,0.617765,0.648396,0.682757,0.714815,0.744877,0.775659,0.810221,0.841704,0.875109,0.905475,0.936949,0.972044,1.005964,1.039817,1.072107,1.103757,1.140732,1.174531,1.206585,1.241616,1.276908,1.31214,1.349759,1.37896,1.415091,1.450941,1.4846,1.521462,1.55865,1.594027,1.629562,1.666025,1.702776,1.740004,1.775994,1.811224,1.847493,1.886305,1.924529,1.959461,1.994904,2.035991,2.072564,2.111146,2.148525,2.184134,2.223267,2.262686,2.302468,2.340786,2.376973,2.416973,2.454567,2.492031,2.513032,,,,,,,,,,,,,,,,,,,,,,,,,,,,,,,,,,,,,,,,,,,,,,,,,,
0.972912,0.956009,0.92585,0.894906,0.865266,0.832132,0.801964,0.771292,0.739872,0.709017,0.678036,0.64808,0.621893,0.591664,0.559251,0.527488,0.496046,0.468985,0.440846,0.411338,0.378856,0.351749,0.32308,0.292725,0.267875,0.23775,0.209685,0.181224,0.153998,0.124528,0.097668,0.070383,0.043781,0.016131,-0.010251,-0.037091,-0.064433,-0.092555,-0.115575,-0.14121,-0.168276,-0.195356,-0.220465,-0.244104,-0.269228,-0.295531,-0.32128,-0.346048,-0.36823,-0.392691,-0.41633,-0.441923,-0.465221,-0.488519,-0.511605,-0.537004,-0.558342,-0.583772,-0.605054,-0.62764,-0.649684,-0.673263,-0.69468,-0.715558,-0.738603,-0.75881,-0.780432,-0.80078,-0.823373,-0.844418,-0.862967,-0.88306,-0.903959,-0.926844,-0.947392,-0.963864,-0.983495,-1.001744,-1.022622,-1.043445,-1.06092,-1.079163,-1.097843,-1.116619,-1.136266,-1.15286,-1.172176,-1.187355,-1.206265,-1.221658,-1.238547,-1.254966,-1.273541,-1.289067,-1.306201,-1.321577,-1.336888,-1.353093,-1.368509,-1.383877,-1.397173,-1.41478,-1.428327,-1.443159,-1.458568,-1.471032,-1.484398,-1.49883,-1.512155,-1.525634,-1.538988,-1.554268,-1.566108,-1.577575,-1.590036,-1.603305,-1.615361,-1.62698,-1.639659,-1.653066,-1.66336,-1.67249,-1.685017,-1.696129,-1.709285,-1.717447,-1.730013,-1.739375,-1.747952,-1.758109,-1.767543,-1.778065,-1.787613,-1.795763,-1.805032,-1.816425,-1.827124,-1.836174,-1.848425,-1.859903,-1.869423,-1.879191,-1.888725,-1.89692,-1.905799,-1.912781,-1.920662,-1.926172,-1.932033,-1.936634,-1.943571,-1.951944,-1.954959,-1.961843,-1.965892,-1.974372,-1.982062,-1.988746,-1.997208,-2.001909,-2.010313,-2.020602,-2.024014,-2.029622,-2.034553,-2.040338,-2.041513,-2.049283,-2.097904,-2.140851,-2.171425,-2.209834,-2.254724,-2.25567,-2.23426,-2.221309,-2.204169,-2.18965,-2.179193,-2.171645,-2.166597,-2.160178,-2.153462,-2.150799,-2.147267,-2.143191,-2.140161,-2.137377,-2.132736,-2.128829,-2.125187,-2.122829,-2.119137,-2.115683,-2.111865,-2.106945,-2.10555,-2.1001,-2.096957,-2.092365,-2.087076,-2.084551,-2.079355,-2.075002,-2.070663,-2.065378,-2.059508,-2.054753,-2.051657,-2.045161,-2.039399,-2.033887,-2.027418,-2.020601,-2.016182,-2.012147,-2.006065,-1.999256,-1.993233,-1.986979,-1.980821,-1.974173,-1.969161,-1.963001,-1.956732,-1.951838,-1.948487,-1.943302,-1.940956,-1.934504,-1.939085,-1.945531,-1.947467,-1.95725,-1.964404,-1.933905,-1.895391,-1.866205,-1.827778,-1.776123,-1.750933,-1.737555,-1.72201,-1.706304,-1.692245,-1.678813,-1.664523,-1.649119,-1.631613,-1.615571,-1.599669,-1.584368,-1.56685,-1.549801,-1.53505,-1.518904,-1.507498,-1.49054,-1.474301,-1.459031,-1.445573,-1.428084,-1.41188,-1.395574,-1.377283,-1.35839,-1.339221,-1.318481,-1.297975,-1.275876,-1.252411,-1.232733,-1.212077,-1.1953,-1.17777,-1.158519,-1.140985,-1.122311,-1.103406,-1.084943,-1.063203,-1.043112,-1.024151,-1.00444,-0.986237,-0.963486,-0.942408,-0.921478,-0.902204,-0.880307,-0.857917,-0.837522,-0.816273,-0.79381,-0.774952,-0.751495,-0.72948,-0.708717,-0.685993,-0.663281,-0.641833,-0.615191,-0.592807,-0.571226,-0.547746,-0.521097,-0.49904,-0.474727,-0.45027,-0.427567,-0.400906,-0.376219,-0.350742,-0.324786,-0.303463,-0.275348,-0.24982,-0.223585,-0.19704,-0.17255,-0.144495,-0.118953,-0.091043,-0.065254,-0.042164,-0.012304,0.016321,0.043076,0.071025,0.100873,0.129543,0.157361,0.18642,0.214599,0.244964,0.275681,0.301571,0.332453,0.365783,0.393951,0.424572,0.454598,0.485911,0.515424,0.546891,0.576805,0.607214,0.637711,0.671921,0.703712,0.734709,0.765921,0.800719,0.831867,0.864026,0.894849,0.926477,0.960648,0.995996,1.03016,1.063348,1.093491,1.1297,1.16389,1.198721,1.231687,1.266763,1.302193,1.337601,1.36669,1.405381,1.441127,1.475421,1.512709,1.547399,1.583194,1.620425,1.655518,1.693892,1.730294,1.766993,1.801144,1.840084,1.878623,1.915795,1.950239,1.985836,2.027164,2.064163,2.102589,2.142013,2.175587,2.216516,2.254348,2.293826,2.332993,2.369296,2.408031,2.447699,2.484116,2.504386,,,,,,,,,,,,,,,,,,,,,,,,,,,,,,,,,,,,,,,,,,,,,,,,,,
,,,,,,,,,,,,,,,,,,,,,,,,,,,,,,,,,,,,,,,,,,,,,,,,,,,,,,,,,,,,,,,,,,,,,,,,,,,,,,,,,,,,,,,,,,,,,,,,,,,,,,,,,,,,,,,,,,,,,,,,,,,,,,,,,,,,,,,,,,,,,,,,,,,,,,,,,,,,,,,,,,,,,,,,,,,,,,,,,,,,,,,,,,,,,,,,,,,,,,,,,,,,,,,,,,,,,,,,,,,,,,,,,,,,,,,,,,,,,,,,,,,,,,,,,,,,,,,,,,,,,,,,,,,,,,,,,,,,,,,,,,,,,,,,,,,,,,,,,,,,,,,,,,,,,,,,,,,,,,,,,,,,,,,,,,,,,,,,,,,,,,,,,,,,,,,,,,,,,,,,,,,,,,,,,,,,,,,,,,,,,,,,,,,,,,,,,,,,,,,,,,,,,,,,,,,,,,,,,,,,,,,,,,,,,,,,,,,,,,,,,,,,,,,,,,
12/07/20,,,,,,,,,,,,,,,,,,,,,,,,,,,,,,,,,,,,,,,,,,,,,,,,,,,,,,,,,,,,,,,,,,,,,,,,,,,,,,,,,,,,,,,,,,,,,,,,,,,,,,,,,,,,,,,,,,,,,,,,,,,,,,,,,,,,,,,,,,,,,,,,,,,,,,,,,,,,,,,,,,,,,,,,,,,,,,,,,,,,,,,,,,,,,,,,,,,,,,,,,,,,,,,,,,,,,,,,,,,,,,,,,,,,,,,,,,,,,,,,,,,,,,,,,,,,,,,,,,,,,,,,,,,,,,,,,,,,,,,,,,,,,,,,,,,,,,,,,,,,,,,,,,,,,,,,,,,,,,,,,,,,,,,,,,,,,,,,,,,,,,,,,,,,,,,,,,,,,,,,,,,,,,,,,,,,,,,,,,,,,,,,,,,,,,,,,,,,,,,,,,,,,,,,,,,,,,,,,,,,,,,,,,,,,,,,,,,,,,,,,,,,,,,,,,
32.2,0.6,401,,,,,,,,,,,,,,,,,,,,,,,,,,,,,,,,,,,,,,,,,,,,,,,,,,,,,,,,,,,,,,,,,,,,,,,,,,,,,,,,,,,,,,,,,,,,,,,,,,,,,,,,,,,,,,,,,,,,,,,,,,,,,,,,,,,,,,,,,,,,,,,,,,,,,,,,,,,,,,,,,,,,,,,,,,,,,,,,,,,,,,,,,,,,,,,,,,,,,,,,,,,,,,,,,,,,,,,,,,,,,,,,,,,,,,,,,,,,,,,,,,,,,,,,,,,,,,,,,,,,,,,,,,,,,,,,,,,,,,,,,,,,,,,,,,,,,,,,,,,,,,,,,,,,,,,,,,,,,,,,,,,,,,,,,,,,,,,,,,,,,,,,,,,,,,,,,,,,,,,,,,,,,,,,,,,,,,,,,,,,,,,,,,,,,,,,,,,,,,,,,,,,,,,,,,,,,,,,,,,,,,,,,,,,,,,,,,,,,,,,,,,,,,,,
0.690416,0.682199,0.668867,0.656097,0.640058,0.625696,0.612978,0.598065,0.58444,0.570664,0.556213,0.543774,0.52951,0.515971,0.502785,0.489204,0.474259,0.460757,0.449156,0.436201,0.422126,0.407835,0.395872,0.383199,0.369698,0.35434,0.341133,0.329823,0.317787,0.30431,0.291978,0.277902,0.26601,0.256039,0.242323,0.23214,0.21927,0.204205,0.193671,0.181283,0.169714,0.157783,0.14492,0.132703,0.121591,0.109561,0.099242,0.087901,0.075635,0.065228,0.052012,0.041285,0.03008,0.020905,0.009065,-0.001852,-0.0137,-0.024542,-0.034962,-0.045599,-0.056816,-0.065804,-0.077872,-0.088279,-0.098547,-0.108275,-0.117781,-0.1276,-0.138452,-0.148042,-0.157384,-0.1672,-0.177551,-0.186459,-0.195895,-0.205454,-0.215553,-0.224801,-0.234463,-0.245171,-0.25296,-0.262277,-0.270765,-0.279483,-0.288425,-0.297108,-0.306139,-0.312643,-0.322868,-0.331033,-0.339617,-0.347615,-0.356404,-0.364609,-0.372711,-0.38004,-0.388023,-0.397167,-0.40452,-0.412287,-0.418481,-0.427628,-0.43406,-0.44178,-0.449044,-0.457011,-0.461266,-0.470121,-0.476694,-0.485615,-0.491951,-0.497683,-0.505025,-0.511516,-0.518018,-0.525,-0.530151,-0.536861,-0.544578,-0.54959,-0.558372,-0.562166,-0.56816,-0.573595,-0.579912,-0.585998,-0.591403,-0.598657,-0.602065,-0.610945,-0.617178,-0.61969,-0.62328,-0.626785,-0.635208,-0.638911,-0.645541,-0.648627,-0.654443,-0.658517,-0.663457,-0.667131,-0.673909,-0.676025,-0.681087,-0.686063,-0.689665,-0.693007,-0.697913,-0.700834,-0.705788,-0.708788,-0.712933,-0.71674,-0.720224,-0.72333,-0.726633,-0.730385,-0.73279,-0.735818,-0.739489,-0.742362,-0.745972,-0.748359,-0.751499,-0.754242,-0.757006,-0.759802,-0.761259,-0.762939,-0.765858,-0.768937,-0.77104,-0.772685,-0.775497,-0.77728,-0.779525,-0.78136,-0.783379,-0.783508,-0.784009,-0.78623,-0.788386,-0.78969,-0.79182,-0.792697,-0.793729,-0.79536,-0.796268,-0.796762,-0.797031,-0.796734,-0.797748,-0.799146,-0.800062,-0.800037,-0.800168,-0.800367,-0.801477,-0.799995,-0.801311,-0.800105,-0.799065,-0.799321,-0.79918,-0.798752,-0.800299,-0.800249,-0.7981,-0.797377,-0.796164,-0.795763,-0.794353,-0.793048,-0.79352,-0.791567,-0.790115,-0.788132,-0.78719,-0.784951,-0.78458,-0.782633,-0.780538,-0.780231,-0.777831,-0.7755,-0.773672,-0.767107,-0.768772,-0.766908,-0.764117,-0.760285,-0.759429,-0.755539,-0.752923,-0.750553,-0.748246,-0.74641,-0.742201,-0.740092,-0.735756,-0.733232,-0.732191,-0.729022,-0.723417,-0.720025,-0.716281,-0.713372,-0.708877,-0.705305,-0.701804,-0.697984,-0.69306,-0.689866,-0.685348,-0.680192,-0.677628,-0.672908,-0.66743,-0.663355,-0.65853,-0.654452,-0.649567,-0.644716,-0.638846,-0.633427,-0.62929,-0.623347,-0.618748,-0.61291,-0.608044,-0.602766,-0.596953,-0.59156,-0.584916,-0.580042,-0.574378,-0.568452,-0.562948,-0.555679,-0.550678,-0.544042,-0.536978,-0.529891,-0.525501,-0.518307,-0.510574,-0.504615,-0.497488,-0.491082,-0.482328,-0.475878,-0.470123,-0.461678,-0.453623,-0.446703,-0.438518,-0.431933,-0.424686,-0.417232,-0.409114,-0.401027,-0.393269,-0.386738,-0.376823,-0.369946,-0.361006,-0.353248,-0.342979,-0.336735,-0.327514,-0.318738,-0.311015,-0.300341,-0.292084,-0.28271,-0.275761,-0.266426,-0.255079,-0.247105,-0.238672,-0.229119,-0.219992,-0.209106,-0.197466,-0.190182,-0.182063,-0.170033,-0.162276,-0.15128,-0.141975,-0.131427,-0.120249,-0.111198,-0.099915,-0.089798,-0.079517,-0.068085,-0.05787,-0.048075,-0.036475,-0.02674,-0.015301,-0.002731,0.008946,0.018939,0.028811,0.040241,0.051801,0.063264,0.075932,0.086595,0.098386,0.110056,0.122269,0.134853,0.144463,0.157915,0.17086,0.182547,0.194081,0.206367,0.219954,0.232465,0.246215,0.25708,0.270177,0.285114,0.295618,0.30699,0.321243,0.334431,0.344682,0.359964,0.37439,0.387229,0.401041,0.413699,0.426585,0.440601,0.453793,0.467753,0.481767,0.496126,0.509945,0.523193,0.535326,0.551705,0.564951,0.580288,0.594476,0.60643,0.621452,0.636304,0.65066,0.666451,0.67969,0.694191,0.709385,0.723302,0.730202,,,,,,,,,,,,,,,,,,,,,,,,,,,,,,,,,,,,,,,,,,,,,,,,,,
0.014651,0.009286,0.00126,-0.014825,-0.026904,-0.038248,-0.052457,-0.064441,-0.074088,-0.085837,-0.101764,-0.106866,-0.121283,-0.126172,-0.137189,-0.149158,-0.162204,-0.172516,-0.185596,-0.194693,-0.201511,-0.218195,-0.222525,-0.236484,-0.247897,-0.260556,-0.272107,-0.275961,-0.290152,-0.294028,-0.305661,-0.321948,-0.326523,-0.327109,-0.346176,-0.341077,-0.367361,-0.380893,-0.393289,-0.398679,-0.403448,-0.413226,-0.417767,-0.425519,-0.440704,-0.455307,-0.466364,-0.469916,-0.474036,-0.483694,-0.496811,-0.507401,-0.509247,-0.519559,-0.527908,-0.538007,-0.54523,-0.553192,-0.55939,-0.568756,-0.578278,-0.581915,-0.593549,-0.597003,-0.601593,-0.612405,-0.622546,-0.626767,-0.635507,-0.64245,-0.649896,-0.657523,-0.66586,-0.673132,-0.676743,-0.684869,-0.691837,-0.695844,-0.705075,-0.712283,-0.71698,-0.721786,-0.729565,-0.733276,-0.742633,-0.745148,-0.748749,-0.756079,-0.763492,-0.767117,-0.775259,-0.779269,-0.781769,-0.783444,-0.789758,-0.795175,-0.802097,-0.806287,-0.80929,-0.813141,-0.817133,-0.822122,-0.821185,-0.827484,-0.830161,-0.838092,-0.839807,-0.84436,-0.850165,-0.848431,-0.85488,-0.861011,-0.866071,-0.864102,-0.869592,-0.869189,-0.870636,-0.86517,-0.868625,-0.865598,-0.860889,-0.865912,-0.865732,-0.863327,-0.868372,-0.866644,-0.860132,-0.863101,-0.873306,-0.869223,-0.874869,-0.860547,-0.890289,-0.875217,-0.887054,-0.88511,-0.89433,-0.888831,-0.888773,-0.896762,-0.884003,-0.884302,-0.881631,-0.876291,-0.87532,-0.869238,-0.878403,-0.875995,-0.875772,-0.875879,-0.871603,-0.869144,-0.865918,-0.857779,-0.862109,-0.86828,-0.865659,-0.839456,-0.796295,-0.772406,-0.750412,-0.712292,-0.685983,-0.687051,-0.700629,-0.708267,-0.715683,-0.724274,-0.735965,-0.740033,-0.74762,-0.758868,-0.760245,-0.760217,-0.758865,-0.761401,-0.767206,-0.767215,-0.767386,-0.76355,-0.7651,-0.765878,-0.768137,-0.768369,-0.769534,-0.768829,-0.764221,-0.75968,-0.763312,-0.757544,-0.752261,-0.749628,-0.749103,-0.746957,-0.741718,-0.737198,-0.734912,-0.732138,-0.730136,-0.723666,-0.72139,-0.716617,-0.715613,-0.708536,-0.702625,-0.70311,-0.694888,-0.688199,-0.687167,-0.679764,-0.676505,-0.669864,-0.661206,-0.650552,-0.64382,-0.64155,-0.629608,-0.622043,-0.624179,-0.615616,-0.608383,-0.599966,-0.59476,-0.588699,-0.572473,-0.583295,-0.555527,-0.558151,-0.552881,-0.53425,-0.517041,-0.518283,-0.512482,-0.495731,-0.493747,-0.473419,-0.464752,-0.446802,-0.439322,-0.423096,-0.398953,-0.371158,-0.34801,-0.3202,-0.284259,-0.25097,-0.244214,-0.273752,-0.304776,-0.334033,-0.375229,-0.420786,-0.444659,-0.43569,-0.427365,-0.426593,-0.425891,-0.420837,-0.415646,-0.409274,-0.404382,-0.396243,-0.388297,-0.386203,-0.379974,-0.376907,-0.372849,-0.363199,-0.359039,-0.351157,-0.343234,-0.334003,-0.324918,-0.312735,-0.306812,-0.300854,-0.293152,-0.282056,-0.275693,-0.263226,-0.255051,-0.247311,-0.239145,-0.226294,-0.215134,-0.199146,-0.189566,-0.187079,-0.174939,-0.164594,-0.158902,-0.147961,-0.141302,-0.12984,-0.118805,-0.112863,-0.10697,-0.099759,-0.091205,-0.081335,-0.065775,-0.054825,-0.047284,-0.031772,-0.021628,-0.00871,0.004843,0.01954,0.034085,0.038669,0.055331,0.065469,0.080402,0.093442,0.106464,0.1104,0.128891,0.135388,0.149326,0.157086,0.174588,0.191428,0.194986,0.217239,0.237863,0.255432,0.262103,0.277155,0.305371,0.305426,0.328015,0.341312,0.349896,0.366885,0.381638,0.404892,0.413364,0.430792,0.431708,0.4586,0.472012,0.486725,0.500577,0.514874,0.533627,0.548822,0.562671,0.577896,0.596027,0.61088,0.626065,0.630499,0.648746,0.665332,0.683026,0.701196,0.716525,0.734561,0.757407,0.773328,0.786829,0.795496,0.811285,0.82283,0.840179,0.854108,0.87095,0.890677,0.910117,0.931329,0.952902,0.972406,0.989505,1.008398,1.025793,1.040707,1.058215,1.077225,1.097977,1.113275,1.133072,1.152271,1.166458,1.183832,1.204147,1.223654,1.240155,1.259741,1.279327,1.298807,1.319479,1.334326,1.355258,1.380084,1.395413,1.411722,1.433966,1.450082,1.464258,1.482147,1.494516,,,,,,,,,,,,,,,,,,,,,,,,,,,,,,,,,,,,,,,,,,,,,,,,,,
,,,,,,,,,,,,,,,,,,,,,,,,,,,,,,,,,,,,,,,,,,,,,,,,,,,,,,,,,,,,,,,,,,,,,,,,,,,,,,,,,,,,,,,,,,,,,,,,,,,,,,,,,,,,,,,,,,,,,,,,,,,,,,,,,,,,,,,,,,,,,,,,,,,,,,,,,,,,,,,,,,,,,,,,,,,,,,,,,,,,,,,,,,,,,,,,,,,,,,,,,,,,,,,,,,,,,,,,,,,,,,,,,,,,,,,,,,,,,,,,,,,,,,,,,,,,,,,,,,,,,,,,,,,,,,,,,,,,,,,,,,,,,,,,,,,,,,,,,,,,,,,,,,,,,,,,,,,,,,,,,,,,,,,,,,,,,,,,,,,,,,,,,,,,,,,,,,,,,,,,,,,,,,,,,,,,,,,,,,,,,,,,,,,,,,,,,,,,,,,,,,,,,,,,,,,,,,,,,,,,,,,,,,,,,,,,,,,,,,,,,,,,,,,,,,
08/30/24,,,,,,,,,,,,,,,,,,,,,,,,,,,,,,,,,,,,,,,,,,,,,,,,,,,,,,,,,,,,,,,,,,,,,,,,,,,,,,,,,,,,,,,,,,,,,,,,,,,,,,,,,,,,,,,,,,,,,,,,,,,,,,,,,,,,,,,,,,,,,,,,,,,,,,,,,,,,,,,,,,,,,,,,,,,,,,,,,,,,,,,,,,,,,,,,,,,,,,,,,,,,,,,,,,,,,,,,,,,,,,,,,,,,,,,,,,,,,,,,,,,,,,,,,,,,,,,,,,,,,,,,,,,,,,,,,,,,,,,,,,,,,,,,,,,,,,,,,,,,,,,,,,,,,,,,,,,,,,,,,,,,,,,,,,,,,,,,,,,,,,,,,,,,,,,,,,,,,,,,,,,,,,,,,,,,,,,,,,,,,,,,,,,,,,,,,,,,,,,,,,,,,,,,,,,,,,,,,,,,,,,,,,,,,,,,,,,,,,,,,,,,,,,,,,
33,0.4,451,,,,,,,,,,,,,,,,,,,,,,,,,,,,,,,,,,,,,,,,,,,,,,,,,,,,,,,,,,,,,,,,,,,,,,,,,,,,,,,,,,,,,,,,,,,,,,,,,,,,,,,,,,,,,,,,,,,,,,,,,,,,,,,,,,,,,,,,,,,,,,,,,,,,,,,,,,,,,,,,,,,,,,,,,,,,,,,,,,,,,,,,,,,,,,,,,,,,,,,,,,,,,,,,,,,,,,,,,,,,,,,,,,,,,,,,,,,,,,,,,,,,,,,,,,,,,,,,,,,,,,,,,,,,,,,,,,,,,,,,,,,,,,,,,,,,,,,,,,,,,,,,,,,,,,,,,,,,,,,,,,,,,,,,,,,,,,,,,,,,,,,,,,,,,,,,,,,,,,,,,,,,,,,,,,,,,,,,,,,,,,,,,,,,,,,,,,,,,,,,,,,,,,,,,,,,,,,,,,,,,,,,,,,,,,,,,,,,,,,,,,,,,,,,
0.075751,0.074905,0.073388,0.071984,0.070325,0.068769,0.067335,0.065647,0.064115,0.062712,0.061053,0.059682,0.058102,0.056593,0.055185,0.053567,0.052136,0.050714,0.049094,0.047844,0.046225,0.044707,0.043432,0.04186,0.040372,0.039044,0.037481,0.036172,0.03473,0.033291,0.031982,0.030564,0.029161,0.027808,0.026411,0.025006,0.023718,0.022373,0.021034,0.019648,0.018399,0.016944,0.015716,0.014441,0.01305,0.011757,0.01046,0.009138,0.00802,0.006618,0.005434,0.004223,0.002926,0.001751,0.000552,-0.000665,-0.00174,-0.003094,-0.004199,-0.005311,-0.006592,-0.007672,-0.008749,-0.010015,-0.011158,-0.012321,-0.013493,-0.014553,-0.015764,-0.016874,-0.017976,-0.01911,-0.020259,-0.021332,-0.022419,-0.023477,-0.024549,-0.025609,-0.026736,-0.02773,-0.028867,-0.029834,-0.030955,-0.032008,-0.033048,-0.034134,-0.035182,-0.036167,-0.037292,-0.038197,-0.03929,-0.040298,-0.041224,-0.042297,-0.043236,-0.04406,-0.045086,-0.046032,-0.046894,-0.047852,-0.04868,-0.049612,-0.050489,-0.051313,-0.052231,-0.053075,-0.053906,-0.054792,-0.055563,-0.056447,-0.057253,-0.058079,-0.058832,-0.059673,-0.060481,-0.061261,-0.062033,-0.062832,-0.063521,-0.064325,-0.065035,-0.065768,-0.066573,-0.067285,-0.06801,-0.068754,-0.069457,-0.070232,-0.070973,-0.071597,-0.072424,-0.073075,-0.073758,-0.074537,-0.075162,-0.075821,-0.07653,-0.077091,-0.077876,-0.078481,-0.079119,-0.079759,-0.080369,-0.08096,-0.081461,-0.082078,-0.082682,-0.083247,-0.083876,-0.084436,-0.084927,-0.085582,-0.086227,-0.087056,-0.087947,-0.089092,-0.090584,-0.091929,-0.093143,-0.094305,-0.095267,-0.096161,-0.096583,-0.096936,-0.097034,-0.097106,-0.097219,-0.097274,-0.097295,-0.097387,-0.097398,-0.097443,-0.097517,-0.097649,-0.097815,-0.097987,-0.098151,-0.098378,-0.098563,-0.098781,-0.098976,-0.099164,-0.099377,-0.099569,-0.09975,-0.099943,-0.100149,-0.100338,-0.100483,-0.100643,-0.100783,-0.100974,-0.10109,-0.101253,-0.101387,-0.101542,-0.101706,-0.101799,-0.101927,-0.101987,-0.102131,-0.102227,-0.10231,-0.102409,-0.102488,-0.102566,-0.102635,-0.10271,-0.102759,-0.102779,-0.10285,-0.102887,-0.10285,-0.102857,-0.102891,-0.102876,-0.102865,-0.102895,-0.1029,-0.102867,-0.102803,-0.102737,-0.102729,-0.10267,-0.102571,-0.102504,-0.102415,-0.102363,-0.102296,-0.102193,-0.102059,-0.101953,-0.101862,-0.101729,-0.101602,-0.10146,-0.101316,-0.101164,-0.101034,-0.100832,-0.100674,-0.100463,-0.100285,-0.100132,-0.099887,-0.099685,-0.099514,-0.099252,-0.099053,-0.098811,-0.098553,-0.098333,-0.098074,-0.097766,-0.09754,-0.097246,-0.097008,-0.096712,-0.096435,-0.096127,-0.095788,-0.095462,-0.095122,-0.094848,-0.094501,-0.094155,-0.093777,-0.093394,-0.093034,-0.092678,-0.092289,-0.091923,-0.091534,-0.091118,-0.090723,-0.090318,-0.089903,-0.089539,-0.089048,-0.08863,-0.088226,-0.08782,-0.087375,-0.0869,-0.08642,-0.086014,-0.085493,-0.085062,-0.084581,-0.08412,-0.083664,-0.083287,-0.082829,-0.082394,-0.081988,-0.081558,-0.081251,-0.080838,-0.080471,-0.080094,-0.079607,-0.079102,-0.07858,-0.077979,-0.077323,-0.076466,-0.075465,-0.07418,-0.072788,-0.0714,-0.07014,-0.068619,-0.067301,-0.066332,-0.065274,-0.064575,-0.063866,-0.063083,-0.062518,-0.061593,-0.060761,-0.06011,-0.059268,-0.05844,-0.057662,-0.056782,-0.056011,-0.055176,-0.054196,-0.053373,-0.052431,-0.051576,-0.050699,-0.049738,-0.048834,-0.047925,-0.046904,-0.04601,-0.045041,-0.044113,-0.043099,-0.042121,-0.041167,-0.040128,-0.039156,-0.03823,-0.037208,-0.036322,-0.03524,-0.034278,-0.033316,-0.032237,-0.031282,-0.030217,-0.029141,-0.028232,-0.027091,-0.026033,-0.025148,-0.023927,-0.022899,-0.021874,-0.020679,-0.01961,-0.018529,-0.017384,-0.016385,-0.015125,-0.014034,-0.01295,-0.011708,-0.010503,-0.009301,-0.008092,-0.006952,-0.00566,-0.00442,-0.003207,-0.002003,-0.00072,0.000434,0.001718,0.002938,0.004172,0.005479,0.006711,0.007933,0.009336,0.010465,0.011811,0.013165,0.014241,0.015646,0.016982,0.018164,0.019587,0.020931,0.022193,0.023643,0.024847,0.026291,0.027652,0.028964,0.030425,0.031798,0.033143,0.034632,0.035923,0.037456,0.038876,0.040238,0.041735,0.043202,0.044596,0.046161,0.047491,0.049,0.050422,0.05198,0.053366,0.054903,0.056462,0.057942,0.059366,0.060927,0.062422,0.06394,0.0655,0.066856,0.068649,0.070083,0.07152,0.073214,0.074676,0.076258,0.077941,0.079314,0.081101,0.082626,0.084145,0.085823,0.087412,0.089034,0.090666,0.092146,0.09395,0.09552,0.097102,0.098792,0.100341,0.101253
0.073779,0.073007,0.071516,0.070124,0.06851,0.066895,0.065458,0.063763,0.062355,0.060978,0.059316,0.058002,0.056454,0.054926,0.053521,0.051909,0.050499,0.049101,0.047474,0.046257,0.044649,0.043131,0.041865,0.040302,0.038881,0.037589,0.036023,0.034731,0.033273,0.031871,0.030623,0.029192,0.027811,0.026488,0.025126,0.023724,0.022425,0.021081,0.019704,0.018349,0.017116,0.015778,0.014433,0.013114,0.011688,0.010477,0.009146,0.007804,0.006718,0.005371,0.00412,0.002881,0.001648,0.000455,-0.000794,-0.00203,-0.003074,-0.00436,-0.005427,-0.006551,-0.00783,-0.008959,-0.010054,-0.011317,-0.012477,-0.013588,-0.014747,-0.015811,-0.017029,-0.018099,-0.019131,-0.020199,-0.021341,-0.022372,-0.023388,-0.024573,-0.025608,-0.026784,-0.027819,-0.028943,-0.030082,-0.031186,-0.032445,-0.033675,-0.034794,-0.036163,-0.037338,-0.038409,-0.039603,-0.040607,-0.04176,-0.042883,-0.043886,-0.045054,-0.045987,-0.046865,-0.047865,-0.048787,-0.049676,-0.050616,-0.051426,-0.052426,-0.053288,-0.054059,-0.054912,-0.055863,-0.056594,-0.057464,-0.058238,-0.059153,-0.059958,-0.060802,-0.061557,-0.062306,-0.063166,-0.064027,-0.064687,-0.065521,-0.066346,-0.067125,-0.067979,-0.068701,-0.069745,-0.070663,-0.071317,-0.072067,-0.072922,-0.074006,-0.075162,-0.076263,-0.077229,-0.077927,-0.078607,-0.079518,-0.080715,-0.081381,-0.082359,-0.082845,-0.083905,-0.084457,-0.085203,-0.086147,-0.086812,-0.087526,-0.088158,-0.088951,-0.089709,-0.090379,-0.091134,-0.091944,-0.093033,-0.094478,-0.096694,-0.099611,-0.103683,-0.108328,-0.113195,-0.11733,-0.12116,-0.124162,-0.12598,-0.126876,-0.126693,-0.126192,-0.125328,-0.12437,-0.123392,-0.122272,-0.121101,-0.119907,-0.118877,-0.11808,-0.117485,-0.116959,-0.116595,-0.116146,-0.115911,-0.115728,-0.115669,-0.11549,-0.115342,-0.115288,-0.115182,-0.115073,-0.115038,-0.115033,-0.115057,-0.11498,-0.114967,-0.114984,-0.115015,-0.115027,-0.114981,-0.114968,-0.114984,-0.115044,-0.115012,-0.114979,-0.114909,-0.114928,-0.114943,-0.114906,-0.114874,-0.114822,-0.114834,-0.114844,-0.114796,-0.114783,-0.114783,-0.114735,-0.114705,-0.114599,-0.114572,-0.114445,-0.114329,-0.11421,-0.114208,-0.114122,-0.114123,-0.114003,-0.113864,-0.113825,-0.113633,-0.113557,-0.113579,-0.113406,-0.11328,-0.113211,-0.113042,-0.11295,-0.112857,-0.112655,-0.112466,-0.112316,-0.112161,-0.112007,-0.111877,-0.111623,-0.111456,-0.111219,-0.111045,-0.110848,-0.110628,-0.110364,-0.110084,-0.109831,-0.109647,-0.109532,-0.109288,-0.108939,-0.108712,-0.108465,-0.108231,-0.108011,-0.107695,-0.107452,-0.107225,-0.1068,-0.106563,-0.106258,-0.10596,-0.105649,-0.105318,-0.104982,-0.104728,-0.104496,-0.104057,-0.103718,-0.103427,-0.10313,-0.102794,-0.102438,-0.102069,-0.101691,-0.101289,-0.101038,-0.100679,-0.100497,-0.10006,-0.099688,-0.09951,-0.099092,-0.098784,-0.098304,-0.098212,-0.097689,-0.097734,-0.097442,-0.097274,-0.097024,-0.096895,-0.096918,-0.096624,-0.096809,-0.09686,-0.096961,-0.097345,-0.097665,-0.097636,-0.097716,-0.097673,-0.097607,-0.097204,-0.096254,-0.094913,-0.092811,-0.089962,-0.086729,-0.083444,-0.079978,-0.076841,-0.074071,-0.072101,-0.070776,-0.069574,-0.068797,-0.068063,-0.067133,-0.066523,-0.06559,-0.064778,-0.064046,-0.062997,-0.062109,-0.061235,-0.060235,-0.059374,-0.058422,-0.057343,-0.056442,-0.055399,-0.0545,-0.053461,-0.052341,-0.05125,-0.050164,-0.048917,-0.047877,-0.046716,-0.04563,-0.044507,-0.043457,-0.042404,-0.041335,-0.040225,-0.039265,-0.038234,-0.037264,-0.036073,-0.035092,-0.03414,-0.032991,-0.031961,-0.03085,-0.029813,-0.028808,-0.027623,-0.026543,-0.025555,-0.024302,-0.023233,-0.022223,-0.02098,-0.019891,-0.018727,-0.017553,-0.016479,-0.015084,-0.01386,-0.012665,-0.011273,-0.009983,-0.008594,-0.00711,-0.005646,-0.004065,-0.002638,-0.001083,0.000386,0.001948,0.003375,0.004889,0.00634,0.007711,0.009182,0.010552,0.011737,0.013116,0.014263,0.01568,0.017095,0.018179,0.019639,0.020964,0.022183,0.023645,0.025004,0.026356,0.027808,0.028992,0.030501,0.031906,0.033254,0.03482,0.036253,0.037633,0.039227,0.040591,0.042172,0.043634,0.04503,0.046575,0.04814,0.049533,0.051203,0.05252,0.054109,0.055585,0.057187,0.058643,0.060217,0.061803,0.063208,0.064669,0.066288,0.067883,0.069375,0.07103,0.072365,0.074267,0.075735,0.077196,0.0789,0.080471,0.082107,0.083662,0.085094,0.086936,0.088387,0.090019,0.091767,0.0933,0.095009,0.096547,0.098142,0.099992,0.101819,0.103163,0.1049,0.106763,0.107678
,,,,,,,,,,,,,,,,,,,,,,,,,,,,,,,,,,,,,,,,,,,,,,,,,,,,,,,,,,,,,,,,,,,,,,,,,,,,,,,,,,,,,,,,,,,,,,,,,,,,,,,,,,,,,,,,,,,,,,,,,,,,,,,,,,,,,,,,,,,,,,,,,,,,,,,,,,,,,,,,,,,,,,,,,,,,,,,,,,,,,,,,,,,,,,,,,,,,,,,,,,,,,,,,,,,,,,,,,,,,,,,,,,,,,,,,,,,,,,,,,,,,,,,,,,,,,,,,,,,,,,,,,,,,,,,,,,,,,,,,,,,,,,,,,,,,,,,,,,,,,,,,,,,,,,,,,,,,,,,,,,,,,,,,,,,,,,,,,,,,,,,,,,,,,,,,,,,,,,,,,,,,,,,,,,,,,,,,,,,,,,,,,,,,,,,,,,,,,,,,,,,,,,,,,,,,,,,,,,,,,,,,,,,,,,,,,,,,,,,,,,,,,,,,,,
12/12/25,,,,,,,,,,,,,,,,,,,,,,,,,,,,,,,,,,,,,,,,,,,,,,,,,,,,,,,,,,,,,,,,,,,,,,,,,,,,,,,,,,,,,,,,,,,,,,,,,,,,,,,,,,,,,,,,,,,,,,,,,,,,,,,,,,,,,,,,,,,,,,,,,,,,,,,,,,,,,,,,,,,,,,,,,,,,,,,,,,,,,,,,,,,,,,,,,,,,,,,,,,,,,,,,,,,,,,,,,,,,,,,,,,,,,,,,,,,,,,,,,,,,,,,,,,,,,,,,,,,,,,,,,,,,,,,,,,,,,,,,,,,,,,,,,,,,,,,,,,,,,,,,,,,,,,,,,,,,,,,,,,,,,,,,,,,,,,,,,,,,,,,,,,,,,,,,,,,,,,,,,,,,,,,,,,,,,,,,,,,,,,,,,,,,,,,,,,,,,,,,,,,,,,,,,,,,,,,,,,,,,,,,,,,,,,,,,,,,,,,,,,,,,,,,,,
33.18,0.4,451,,,,,,,,,,,,,,,,,,,,,,,,,,,,,,,,,,,,,,,,,,,,,,,,,,,,,,,,,,,,,,,,,,,,,,,,,,,,,,,,,,,,,,,,,,,,,,,,,,,,,,,,,,,,,,,,,,,,,,,,,,,,,,,,,,,,,,,,,,,,,,,,,,,,,,,,,,,,,,,,,,,,,,,,,,,,,,,,,,,,,,,,,,,,,,,,,,,,,,,,,,,,,,,,,,,,,,,,,,,,,,,,,,,,,,,,,,,,,,,,,,,,,,,,,,,,,,,,,,,,,,,,,,,,,,,,,,,,,,,,,,,,,,,,,,,,,,,,,,,,,,,,,,,,,,,,,,,,,,,,,,,,,,,,,,,,,,,,,,,,,,,,,,,,,,,,,,,,,,,,,,,,,,,,,,,,,,,,,,,,,,,,,,,,,,,,,,,,,,,,,,,,,,,,,,,,,,,,,,,,,,,,,,,,,,,,,,,,,,,,,,,,,,,,
0.030384,0.030221,0.03002,0.029781,0.029622,0.02956,0.029587,0.029308,0.029238,0.029114,0.028965,0.028915,0.028625,0.028538,0.028432,0.028266,0.028205,0.028083,0.027906,0.027831,0.027693,0.027523,0.027414,0.027271,0.027112,0.027037,0.026934,0.026792,0.026761,0.026544,0.026438,0.026291,0.026259,0.026094,0.025973,0.025819,0.025752,0.025617,0.025505,0.025352,0.02523,0.025129,0.025012,0.024954,0.02482,0.024675,0.024548,0.024513,0.024361,0.024307,0.024162,0.024103,0.023951,0.023827,0.023797,0.023622,0.023571,0.023495,0.023298,0.023263,0.023102,0.023084,0.023028,0.022834,0.022747,0.02263,0.022545,0.022437,0.022321,0.022255,0.022174,0.022059,0.021933,0.021844,0.021723,0.021645,0.021605,0.02153,0.021392,0.021257,0.021205,0.021095,0.020968,0.020968,0.020837,0.02078,0.020686,0.020589,0.020543,0.020407,0.020304,0.02025,0.020115,0.020075,0.019918,0.019927,0.019789,0.019772,0.019694,0.019557,0.019512,0.019405,0.019285,0.019232,0.019176,0.019015,0.019023,0.018904,0.018851,0.018763,0.018748,0.018637,0.018566,0.018504,0.01844,0.018333,0.018284,0.018232,0.018157,0.018063,0.018,0.017927,0.017876,0.017824,0.017718,0.017658,0.017583,0.017544,0.017437,0.017426,0.017338,0.017284,0.017225,0.01715,0.017095,0.017068,0.01702,0.016969,0.016858,0.016802,0.016758,0.016747,0.016655,0.016668,0.016506,0.01651,0.016382,0.016349,0.016308,0.016267,0.016226,0.016252,0.016206,0.016206,0.016052,0.016115,0.015978,0.015968,0.015859,0.015952,0.015797,0.015811,0.015639,0.015713,0.015622,0.015607,0.015551,0.015495,0.015569,0.015507,0.015526,0.015461,0.015437,0.01545,0.015297,0.015347,0.015311,0.015162,0.015242,0.015242,0.015176,0.015134,0.015102,0.015058,0.015066,0.015015,0.015059,0.015055,0.015013,0.015013,0.014949,0.01489,0.014959,0.014923,0.01484,0.01487,0.01486,0.014839,0.014815,0.014784,0.014857,0.014797,0.014806,0.014771,0.014796,0.014763,0.014754,0.01474,0.014744,0.014712,0.014685,0.014656,0.014736,0.014704,0.014716,0.014725,0.014641,0.014684,0.014614,0.014715,0.014671,0.014673,0.014685,0.014695,0.014688,0.014676,0.014676,0.014704,0.014661,0.014669,0.014725,0.01472,0.014703,0.014673,0.014743,0.014693,0.014703,0.014757,0.014776,0.014757,0.014805,0.014748,0.014767,0.014862,0.014779,0.014865,0.014867,0.014894,0.01488,0.014935,0.01489,0.014858,0.014964,0.014924,0.014949,0.015059,0.014987,0.014997,0.015082,0.015177,0.015127,0.015093,0.01521,0.015198,0.015207,0.015244,0.015222,0.015235,0.01532,0.015293,0.015347,0.015381,0.015415,0.01543,0.015484,0.01554,0.015575,0.015628,0.015626,0.015672,0.01567,0.015711,0.015743,0.015789,0.015839,0.015839,0.015874,0.015958,0.015945,0.016041,0.016092,0.016095,0.016155,0.016249,0.016238,0.016343,0.016323,0.016382,0.01643,0.016502,0.016513,0.016613,0.016618,0.016715,0.016804,0.016772,0.016877,0.016942,0.016912,0.016975,0.017045,0.017134,0.017194,0.017239,0.017303,0.017361,0.017502,0.017518,0.017619,0.017509,0.017817,0.017717,0.017826,0.017865,0.017878,0.018092,0.018237,0.018206,0.018154,0.018349,0.018277,0.018416,0.018524,0.018576,0.018674,0.01871,0.018819,0.018909,0.01899,0.019058,0.019038,0.019165,0.019281,0.019337,0.019421,0.019478,0.019586,0.019671,0.019772,0.019868,0.019955,0.020025,0.020143,0.020212,0.020345,0.020388,0.020507,0.020554,0.020678,0.020714,0.020826,0.020891,0.020997,0.021088,0.021183,0.021286,0.021358,0.021435,0.021548,0.0216,0.021722,0.021858,0.021954,0.021974,0.022135,0.022271,0.02242,0.022494,0.022514,0.022644,0.022703,0.022858,0.022945,0.023027,0.023083,0.023225,0.023361,0.02346,0.023567,0.023641,0.023724,0.023837,0.023973,0.024127,0.024176,0.02431,0.024377,0.024563,0.024668,0.024729,0.024854,0.025014,0.025087,0.025166,0.025355,0.025458,0.025571,0.02565,0.025784,0.025884,0.025918,0.026133,0.026255,0.026381,0.026463,0.02661,0.026792,0.026854,0.026998,0.027107,0.027205,0.027355,0.027409,0.027585,0.027758,0.027832,0.028002,0.028069,0.028219,0.02839,0.028493,0.028586,0.028779,0.028885,0.029051,0.02919,0.029291,0.02948,0.029588,0.029729,0.029869,0.029968,0.030156,0.030225,0.030392,0.030553,0.030656,0.030849,0.031055,0.031114,0.031204
0.0593,0.059142,0.057293,0.054239,0.051731,0.049042,0.04832,0.044905,0.043592,0.041095,0.039226,0.036998,0.034821,0.032488,0.030474,0.028135,0.026174,0.024529,0.022442,0.020663,0.018524,0.016281,0.014745,0.012323,0.010524,0.008715,0.006252,0.004766,0.002547,0.000537,-0.001022,-0.003078,-0.005076,-0.006565,-0.008492,-0.010263,-0.011601,-0.013385,-0.014778,-0.016225,-0.017726,-0.018931,-0.020314,-0.021442,-0.022569,-0.02367,-0.024727,-0.02578,-0.026255,-0.027206,-0.028154,-0.029094,-0.029828,-0.030708,-0.032022,-0.033258,-0.034191,-0.035585,-0.03689,-0.038029,-0.039656,-0.041096,-0.042758,-0.04391,-0.045228,-0.046869,-0.048173,-0.049301,-0.050591,-0.051876,-0.053291,-0.054347,-0.055251,-0.05581,-0.056061,-0.055108,-0.053204,-0.04871,-0.042777,-0.035694,-0.027623,-0.018731,-0.010297,-0.002612,0.003232,0.007282,0.01032,0.011848,0.012804,0.013067,0.01305,0.012622,0.012249,0.011581,0.010604,0.009782,0.009438,0.008618,0.007685,0.007105,0.00671,0.005921,0.005416,0.004298,0.00382,0.002804,0.002157,0.001509,0.000938,0.000619,0.000255,-0.00011,-0.000863,-0.001259,-0.001666,-0.001815,-0.001897,-0.001696,-0.001803,-0.001722,-0.001385,-0.000969,-0.000404,0.00038,0.001308,0.002251,0.00316,0.004111,0.00536,0.006405,0.00766,0.008581,0.008769,0.009527,0.00984,0.010529,0.01105,0.011341,0.012512,0.013347,0.014386,0.015674,0.016938,0.018074,0.020188,0.022,0.02432,0.027108,0.041807,0.071733,0.11692,0.165608,0.215219,0.257252,0.295936,0.322101,0.332921,0.322158,0.300962,0.277604,0.257301,0.237923,0.221339,0.206729,0.194021,0.18273,0.173365,0.165396,0.158003,0.151707,0.147168,0.142258,0.138022,0.1344,0.130521,0.127231,0.124739,0.121526,0.119327,0.116225,0.114582,0.112677,0.110606,0.108772,0.107099,0.105571,0.104216,0.10283,0.10154,0.099756,0.098645,0.097705,0.096968,0.096164,0.095409,0.094806,0.094279,0.093639,0.093173,0.092694,0.092482,0.092222,0.091828,0.091675,0.091369,0.090987,0.090907,0.091193,0.091189,0.09079,0.090826,0.090908,0.090604,0.091055,0.091515,0.091613,0.092044,0.092492,0.092776,0.0936,0.094198,0.094799,0.095991,0.096399,0.097629,0.098274,0.099164,0.100136,0.101247,0.1026,0.102899,0.104233,0.105398,0.10661,0.108066,0.109666,0.111016,0.112126,0.113303,0.115092,0.116459,0.11799,0.119791,0.121449,0.122922,0.124931,0.126644,0.128649,0.130284,0.132591,0.135068,0.137069,0.139502,0.141901,0.144346,0.147204,0.149293,0.152446,0.15563,0.158658,0.161687,0.165071,0.168641,0.171749,0.175305,0.179037,0.183205,0.18755,0.191579,0.195611,0.200863,0.205505,0.210469,0.216209,0.22171,0.227659,0.234117,0.239865,0.247464,0.254706,0.262603,0.271592,0.280476,0.290131,0.300997,0.311991,0.326537,0.340661,0.356863,0.376207,0.399216,0.425125,0.451809,0.481665,0.515161,0.55862,0.613342,0.65986,0.677639,0.648883,0.590857,0.51102,0.415529,0.293209,0.169596,0.063461,-0.001406,-0.037858,-0.050855,-0.059243,-0.058565,-0.059657,-0.058936,-0.057376,-0.058518,-0.05681,-0.05676,-0.056407,-0.055824,-0.055535,-0.054815,-0.053617,-0.054048,-0.0543,-0.053912,-0.054786,-0.055341,-0.05681,-0.057214,-0.059067,-0.059863,-0.061552,-0.062525,-0.063659,-0.063607,-0.063634,-0.063105,-0.062178,-0.061272,-0.060369,-0.059071,-0.05792,-0.056037,-0.054557,-0.053209,-0.051645,-0.050028,-0.048363,-0.046648,-0.045337,-0.044053,-0.042047,-0.040626,-0.038986,-0.037248,-0.035893,-0.03389,-0.032569,-0.03127,-0.029204,-0.028427,-0.026492,-0.025313,-0.023462,-0.022318,-0.021005,-0.019919,-0.018845,-0.018343,-0.018137,-0.018576,-0.019592,-0.0214,-0.023973,-0.02614,-0.028446,-0.030663,-0.03153,-0.032272,-0.031759,-0.030664,-0.029186,-0.027252,-0.025153,-0.022976,-0.020589,-0.01847,-0.015892,-0.014213,-0.011851,-0.009481,-0.007656,-0.005144,-0.003312,-0.001248,0.00066,0.002924,0.004679,0.006686,0.008574,0.011086,0.013498,0.015327,0.017492,0.01983,0.021646,0.024298,0.025832,0.028652,0.030772,0.033179,0.035602,0.038146,0.040297,0.043026,0.045275,0.047744,0.049903,0.052457,0.054759,0.057276,0.059933,0.06225,0.064803,0.067026,0.069629,0.072303,0.074614,0.07682,0.079644,0.081831,0.08456,0.087509,0.089626,0.092554,0.095037,0.097183,0.100424,0.102842,0.105382,0.108257,0.110587,0.11341,0.116133,0.118387,0.121308,0.123616,0.126499,0.129433,0.132003,0.133821
