32.452,0.8,451,,,,,,,,,,,,,,,,,,,,,,,,,,,,,,,,,,,,,,,,,,,,,,,,,,,,,,,,,,,,,,,,,,,,,,,,,,,,,,,,,,,,,,,,,,,,,,,,,,,,,,,,,,,,,,,,,,,,,,,,,,,,,,,,,,,,,,,,,,,,,,,,,,,,,,,,,,,,,,,,,,,,,,,,,,,,,,,,,,,,,,,,,,,,,,,,,,,,,,,,,,,,,,,,,,,,,,,,,,,,,,,,,,,,,,,,,,,,,,,,,,,,,,,,,,,,,,,,,,,,,,,,,,,,,,,,,,,,,,,,,,,,,,,,,,,,,,,,,,,,,,,,,,,,,,,,,,,,,,,,,,,,,,,,,,,,,,,,,,,,,,,,,,,,,,,,,,,,,,,,,,,,,,,,,,,,,,,,,,,,,,,,,,,,,,,,,,,,,,,,,,,,,,,,,,,,,,,,,,,,,,,,,,,,,,,,,,,,,,,,,,,,,,,,
3.903851,3.890901,3.867362,3.84548,3.819376,3.79547,3.773341,3.747861,3.724258,3.702099,3.677263,3.655936,3.631081,3.607574,3.586418,3.561456,3.53898,3.517055,3.492216,3.472861,3.448117,3.425277,3.40477,3.38099,3.358857,3.338135,3.314366,3.29454,3.272449,3.250082,3.230201,3.207988,3.186808,3.165643,3.144305,3.123083,3.102926,3.081834,3.061252,3.040279,3.020906,2.998695,2.979348,2.959966,2.938769,2.919254,2.899676,2.879073,2.861561,2.839795,2.821443,2.802802,2.782349,2.764114,2.744771,2.725278,2.709008,2.687756,2.670283,2.652971,2.633044,2.615634,2.599084,2.579855,2.562198,2.544683,2.526554,2.510618,2.491838,2.474976,2.457944,2.440707,2.423594,2.406781,2.390524,2.374177,2.35783,2.34083,2.32457,2.309158,2.292095,2.277435,2.260581,2.245312,2.230788,2.214282,2.198569,2.183686,2.167706,2.154681,2.138741,2.123407,2.110058,2.094225,2.079942,2.0673,2.051674,2.037589,2.024641,2.009506,1.997141,1.982605,1.968835,1.9559,1.94195,1.929028,1.916059,1.902264,1.890305,1.876588,1.863763,1.851092,1.8396,1.827401,1.814851,1.80282,1.790889,1.778557,1.767695,1.754944,1.743877,1.732734,1.720898,1.709988,1.698719,1.687621,1.677206,1.666177,1.655107,1.645686,1.634177,1.624022,1.614278,1.603373,1.593574,1.583833,1.573737,1.565023,1.554333,1.545531,1.536345,1.526797,1.517805,1.508768,1.499723,1.491328,1.482056,1.473637,1.465334,1.456998,1.448882,1.44094,1.432765,1.42499,1.417428,1.409428,1.402006,1.394915,1.387445,1.380164,1.373218,1.365726,1.359708,1.351857,1.345476,1.339937,1.333092,1.326338,1.320551,1.314031,1.308655,1.302615,1.296571,1.29107,1.285396,1.279794,1.274669,1.269139,1.264534,1.259061,1.254295,1.24987,1.244959,1.240268,1.236143,1.231364,1.227435,1.223361,1.219348,1.215346,1.211544,1.208132,1.20443,1.201331,1.198016,1.194483,1.191233,1.188234,1.18526,1.182801,1.179752,1.177352,1.175101,1.172493,1.170406,1.168218,1.166237,1.164516,1.16259,1.160965,1.159471,1.158123,1.156692,1.155587,1.154562,1.153943,1.15299,1.152272,1.151603,1.151083,1.150724,1.150607,1.150329,1.150247,1.15011,1.150406,1.150649,1.151167,1.15155,1.15205,1.152797,1.153688,1.154436,1.155685,1.156664,1.15769,1.159233,1.160714,1.162315,1.164125,1.16573,1.167769,1.16993,1.171868,1.174471,1.176953,1.179449,1.182198,1.184348,1.187356,1.189897,1.193075,1.196394,1.199757,1.203027,1.20648,1.209733,1.213282,1.217311,1.22095,1.225163,1.229533,1.23388,1.237776,1.242099,1.246666,1.251278,1.256084,1.261059,1.265598,1.271249,1.276186,1.281371,1.287107,1.292416,1.29809,1.304008,1.309179,1.315985,1.321819,1.327689,1.334215,1.340438,1.347145,1.353923,1.360052,1.367661,1.374412,1.380997,1.388869,1.395894,1.402653,1.410779,1.418293,1.425954,1.434113,1.441344,1.449936,1.45802,1.466261,1.474741,1.483357,1.491503,1.50047,1.509129,1.517905,1.527106,1.536295,1.545081,1.555179,1.563766,1.573717,1.583574,1.592657,1.603359,1.61314,1.622706,1.633946,1.642959,1.654416,1.664989,1.674709,1.686668,1.69764,1.706902,1.719164,1.730418,1.741066,1.753097,1.763353,1.775896,1.787747,1.799245,1.811496,1.823611,1.835278,1.848016,1.859587,1.872701,1.885172,1.898134,1.91033,1.923234,1.936633,1.94982,1.962817,1.976754,1.988893,2.003616,2.016695,2.030108,2.044954,2.058672,2.073016,2.08749,2.100145,2.115828,2.130392,2.143126,2.159608,2.173842,2.187971,2.204126,2.218848,2.233999,2.250214,2.263893,2.281247,2.296325,2.311496,2.328056,2.343903,2.360086,2.376962,2.392129,2.409642,2.425793,2.442297,2.458544,2.476129,2.491868,2.509708,2.526668,2.543509,2.561677,2.578788,2.595896,2.614838,2.630116,2.649049,2.667712,2.683122,2.702955,2.721286,2.737689,2.757661,2.776434,2.793821,2.814227,2.830976,2.851288,2.87009,2.888229,2.908675,2.927534,2.946455,2.967463,2.98484,3.005545,3.025459,3.044695,3.065533,3.085782,3.105342,3.12669,3.144973,3.166354,3.185845,3.207654,3.227324,3.247855,3.269426,3.289456,3.309628,3.331734,3.352427,3.37388,3.395744,3.41465,3.439146,3.459499,3.479771,3.503437,3.524351,3.546413,3.569627,3.588793,3.613547,3.6346,3.655736,3.679443,3.701255,3.72408,3.747257,3.767661,3.792712,3.814488,3.836466,3.860191,3.881686,3.893817
3.904919,3.891849,3.868452,3.846408,3.820407,3.796643,3.774637,3.749407,3.725427,3.70331,3.678284,3.657095,3.632328,3.608916,3.587553,3.562599,3.540049,3.518034,3.493408,3.474126,3.449317,3.426511,3.405948,3.382227,3.359995,3.339404,3.315679,3.295821,3.27368,3.251275,3.231442,3.209182,3.18793,3.166891,3.145546,3.124351,3.104212,3.083144,3.062519,3.041606,3.022328,3.000147,2.980774,2.961498,2.940221,2.920626,2.901017,2.880502,2.862988,2.841358,2.822861,2.804263,2.783834,2.765547,2.746245,2.726704,2.710435,2.689207,2.671725,2.654361,2.634437,2.617039,2.600423,2.581102,2.563564,2.546119,2.527873,2.511957,2.493209,2.476237,2.459307,2.442058,2.424899,2.408135,2.391803,2.375332,2.359081,2.342175,2.325865,2.310584,2.293584,2.279017,2.262126,2.24678,2.23216,2.215361,2.200096,2.185611,2.16918,2.15631,2.140035,2.125002,2.111718,2.095881,2.081596,2.068957,2.053441,2.039262,2.026201,2.011125,1.998782,1.984242,1.970404,1.957606,1.943597,1.930544,1.917737,1.904039,1.892028,1.878409,1.865627,1.852917,1.841472,1.829196,1.816571,1.804569,1.792572,1.780208,1.769375,1.756624,1.745645,1.734464,1.722662,1.71174,1.700462,1.689384,1.678935,1.667923,1.656974,1.64766,1.635869,1.625849,1.616171,1.605103,1.5953,1.585576,1.575344,1.566705,1.556118,1.547251,1.538084,1.528582,1.519512,1.51043,1.501393,1.493024,1.483805,1.475459,1.467101,1.458537,1.450356,1.44254,1.434404,1.426529,1.418906,1.410906,1.403452,1.396432,1.388929,1.381709,1.374807,1.367276,1.361261,1.353601,1.347011,1.341252,1.334243,1.327701,1.321905,1.315276,1.310013,1.304002,1.297986,1.292615,1.286884,1.281385,1.276274,1.270686,1.266064,1.260688,1.255904,1.251472,1.246501,1.241806,1.237733,1.23309,1.22905,1.224903,1.220984,1.216998,1.213277,1.209741,1.206098,1.202933,1.199653,1.196257,1.193068,1.190116,1.187207,1.184674,1.181606,1.179122,1.17671,1.174234,1.172179,1.170138,1.168114,1.166421,1.164564,1.162968,1.161461,1.160114,1.158723,1.157599,1.156436,1.155755,1.154794,1.154046,1.153435,1.152961,1.152566,1.152422,1.152138,1.152084,1.151951,1.152115,1.15236,1.152755,1.153193,1.153719,1.1544,1.155303,1.156102,1.157225,1.158286,1.159425,1.160838,1.162226,1.163875,1.165686,1.16736,1.169438,1.171505,1.173383,1.175858,1.178429,1.180691,1.183247,1.185689,1.188708,1.191244,1.194374,1.197679,1.200996,1.204317,1.207891,1.211127,1.214797,1.218651,1.222207,1.226438,1.230622,1.234943,1.238795,1.243225,1.24779,1.252392,1.257165,1.262138,1.266766,1.272311,1.277305,1.282391,1.288221,1.293552,1.299199,1.305185,1.310452,1.317045,1.322788,1.328707,1.335382,1.341545,1.348225,1.355107,1.361105,1.368771,1.375444,1.382153,1.389918,1.396966,1.403778,1.411836,1.419391,1.427009,1.435191,1.442385,1.451085,1.459168,1.467458,1.476053,1.484565,1.4928,1.501894,1.510543,1.519245,1.528567,1.53779,1.546546,1.556632,1.565269,1.575429,1.585198,1.594335,1.604949,1.614896,1.624533,1.635711,1.644712,1.656258,1.667009,1.676656,1.68865,1.699504,1.708938,1.721103,1.732405,1.743004,1.755296,1.765792,1.778189,1.789853,1.801385,1.813587,1.8257,1.837533,1.850366,1.861975,1.875065,1.887458,1.900514,1.912767,1.925576,1.938979,1.952113,1.965157,1.979196,1.9914,2.006153,2.019216,2.032524,2.047331,2.060937,2.075316,2.089802,2.102428,2.11822,2.132769,2.145519,2.162047,2.176221,2.190296,2.206388,2.221171,2.236315,2.252395,2.266048,2.283189,2.298363,2.313521,2.330214,2.345965,2.362127,2.378964,2.394125,2.41166,2.427767,2.444251,2.460285,2.477915,2.493719,2.511401,2.528391,2.545065,2.563114,2.580259,2.597194,2.616079,2.631446,2.65031,2.668966,2.684384,2.704192,2.722534,2.738955,2.758958,2.777609,2.794901,2.815362,2.832119,2.852261,2.871161,2.889198,2.909678,2.928539,2.947271,2.96843,2.985682,3.00658,3.026491,3.045548,3.066401,3.086718,3.106227,3.127757,3.14599,3.167308,3.186663,3.208501,3.228186,3.248644,3.270236,3.2903,3.310532,3.332556,3.353234,3.37478,3.396614,3.415473,3.439953,3.460373,3.480637,3.504409,3.525291,3.547273,3.570436,3.589657,3.614376,3.635435,3.656726,3.680468,3.702209,3.725031,3.748121,3.768605,3.793641,3.815337,3.837422,3.861222,3.882845,3.895078
3.90557,3.892468,3.868865,3.847032,3.821104,3.797417,3.775286,3.749857,3.725903,3.703866,3.678657,3.657681,3.632754,3.609358,3.587973,3.562993,3.54048,3.518407,3.493774,3.474502,3.449741,3.426971,3.406444,3.382529,3.360255,3.33967,3.315888,3.296059,3.273837,3.251458,3.231667,3.209415,3.188112,3.167075,3.145683,3.124464,3.104294,3.083283,3.062581,3.041735,3.022475,3.000305,2.980906,2.961571,2.940346,2.920742,2.901076,2.880496,2.863007,2.841344,2.822888,2.804301,2.783906,2.765614,2.746295,2.726746,2.710462,2.689293,2.671785,2.654423,2.634508,2.617106,2.600498,2.581205,2.563667,2.546198,2.52801,2.512029,2.493208,2.476357,2.459383,2.442147,2.424971,2.408226,2.391988,2.375428,2.359168,2.342323,2.326041,2.310801,2.29376,2.279185,2.262314,2.24685,2.232181,2.215642,2.200316,2.185665,2.16928,2.156377,2.140037,2.1251,2.11186,2.09602,2.08178,2.068973,2.053527,2.03934,2.026319,2.011243,1.998865,1.984389,1.970603,1.957709,1.943665,1.930554,1.917829,1.904111,1.892077,1.878599,1.865758,1.852973,1.841532,1.829185,1.816621,1.804529,1.792554,1.780137,1.769318,1.756603,1.745595,1.734387,1.722589,1.711596,1.700415,1.689376,1.678948,1.667881,1.656912,1.647601,1.635791,1.625834,1.616188,1.605163,1.595395,1.585658,1.575407,1.566803,1.556222,1.54728,1.538115,1.528665,1.519587,1.510603,1.501555,1.493217,1.483947,1.475674,1.467313,1.458794,1.450656,1.442907,1.434694,1.426784,1.419192,1.411195,1.403741,1.396693,1.389168,1.381978,1.375168,1.36768,1.361766,1.354126,1.347561,1.341724,1.334863,1.3283,1.322406,1.315682,1.310543,1.304484,1.298519,1.293089,1.287252,1.281854,1.276725,1.271163,1.266571,1.261222,1.256392,1.251985,1.24708,1.24243,1.238307,1.233724,1.229671,1.225511,1.221612,1.217591,1.213844,1.210271,1.206634,1.203427,1.200094,1.196643,1.193441,1.19045,1.187577,1.185086,1.182035,1.179524,1.177146,1.174659,1.17258,1.170493,1.168421,1.166683,1.164783,1.163231,1.161741,1.16029,1.158875,1.157727,1.156559,1.15575,1.154709,1.153898,1.15333,1.152806,1.152405,1.152194,1.151931,1.151871,1.151794,1.151985,1.15218,1.152587,1.152964,1.153457,1.1541,1.155044,1.155833,1.156933,1.158003,1.159178,1.160635,1.162027,1.163623,1.165409,1.167039,1.169136,1.171213,1.173106,1.175497,1.177935,1.180247,1.182885,1.185265,1.188255,1.191102,1.19412,1.197358,1.200586,1.203883,1.207524,1.210766,1.214404,1.218297,1.221967,1.226246,1.230366,1.234709,1.238635,1.243081,1.247643,1.25224,1.257103,1.262112,1.266609,1.27221,1.277236,1.282348,1.288219,1.293562,1.299165,1.305148,1.310395,1.317022,1.322793,1.328713,1.335429,1.341623,1.348314,1.35517,1.361227,1.368947,1.375621,1.382281,1.390121,1.397112,1.403962,1.411975,1.419532,1.427203,1.435366,1.442612,1.451363,1.459399,1.467719,1.47628,1.484698,1.492985,1.502159,1.510813,1.519553,1.528859,1.538181,1.546999,1.557024,1.565748,1.575844,1.585578,1.594771,1.605423,1.615348,1.625063,1.636227,1.645233,1.65676,1.667549,1.67725,1.689094,1.699971,1.7096,1.721726,1.733226,1.743843,1.756136,1.766554,1.779105,1.790849,1.802298,1.814611,1.826721,1.838539,1.851404,1.863088,1.876211,1.888432,1.901565,1.913923,1.926712,1.940131,1.953278,1.96632,1.980311,1.992599,2.007353,2.020494,2.033718,2.048467,2.062096,2.076503,2.09103,2.103537,2.119394,2.133942,2.146732,2.16327,2.177332,2.191409,2.207641,2.222261,2.237444,2.253503,2.267204,2.284275,2.299432,2.314655,2.33128,2.346996,2.36315,2.379934,2.395111,2.412699,2.428828,2.445233,2.461253,2.478826,2.494625,2.512309,2.529244,2.545941,2.563914,2.581052,2.597927,2.61688,2.632266,2.651085,2.669755,2.685142,2.704958,2.723334,2.73977,2.75971,2.778364,2.795649,2.81604,2.83269,2.852846,2.871794,2.889813,2.910254,2.929058,2.947725,2.968794,2.986058,3.00701,3.026824,3.045839,3.066656,3.086993,3.106437,3.127981,3.146138,3.167365,3.186804,3.208683,3.228365,3.248813,3.270366,3.290486,3.31057,3.33259,3.353278,3.374794,3.396613,3.41543,3.439891,3.460299,3.480589,3.504308,3.525133,3.547088,3.570343,3.589524,3.614175,3.635311,3.656613,3.680398,3.702113,3.724888,3.747987,3.768434,3.793507,3.815286,3.837289,3.861026,3.882636,3.894907
3.904249,3.890942,3.867372,3.845612,3.82048,3.796399,3.774053,3.748411,3.724827,3.702404,3.677579,3.656747,3.632029,3.608528,3.587155,3.562317,3.540046,3.518025,3.493201,3.47401,3.449277,3.426592,3.406281,3.382081,3.359778,3.339177,3.315463,3.295768,3.273626,3.251315,3.231367,3.209013,3.187734,3.166791,3.145223,3.124346,3.10407,3.082978,3.062262,3.041289,3.022288,3.000265,2.981026,2.961701,2.940357,2.920906,2.901027,2.880415,2.862796,2.841193,2.822761,2.804125,2.783552,2.765375,2.745925,2.726663,2.710214,2.689254,2.671571,2.654311,2.63433,2.616959,2.600594,2.581278,2.563674,2.546032,2.527678,2.511529,2.492757,2.475981,2.459163,2.441912,2.42473,2.408056,2.392057,2.375262,2.358752,2.34194,2.32562,2.310362,2.293372,2.27876,2.26216,2.246118,2.231656,2.215179,2.200451,2.185471,2.168824,2.155823,2.139601,2.124957,2.111653,2.095501,2.081133,2.068836,2.053488,2.039007,2.025895,2.010881,1.998263,1.983945,1.970365,1.957162,1.942937,1.929951,1.917241,1.90369,1.891552,1.878132,1.865152,1.852375,1.841111,1.828637,1.816219,1.804231,1.792368,1.779981,1.769159,1.756509,1.745532,1.734487,1.722534,1.711427,1.700066,1.689105,1.678795,1.6677,1.656848,1.647601,1.635542,1.625638,1.616041,1.604979,1.595358,1.585554,1.575233,1.566548,1.555863,1.546735,1.53786,1.528166,1.519384,1.510299,1.501245,1.492696,1.483386,1.474931,1.466591,1.458123,1.450151,1.442358,1.43395,1.426351,1.418716,1.410522,1.403159,1.396128,1.388459,1.381511,1.374717,1.367154,1.361498,1.353818,1.347292,1.341536,1.334731,1.328284,1.322751,1.315868,1.310137,1.304075,1.298024,1.292826,1.287058,1.281739,1.276582,1.27106,1.266679,1.261345,1.256438,1.251835,1.247081,1.242711,1.238525,1.233816,1.229822,1.225658,1.221798,1.217655,1.214147,1.210625,1.207015,1.203801,1.20022,1.197016,1.193916,1.190933,1.18805,1.185536,1.182612,1.180122,1.177892,1.175298,1.173245,1.171235,1.168948,1.167252,1.165505,1.163832,1.162498,1.160869,1.159574,1.158405,1.157148,1.156341,1.155319,1.154575,1.15405,1.153432,1.152913,1.152673,1.152573,1.15248,1.152594,1.152479,1.152693,1.153209,1.153829,1.15429,1.154953,1.155799,1.156483,1.157601,1.158626,1.159626,1.161,1.162608,1.164313,1.166095,1.167633,1.169832,1.171637,1.173541,1.17583,1.178368,1.18045,1.183301,1.185683,1.188463,1.191419,1.193987,1.197507,1.200495,1.203754,1.207535,1.210744,1.21451,1.218577,1.222016,1.226121,1.230527,1.235016,1.238993,1.243414,1.247965,1.252657,1.257454,1.262171,1.266647,1.272243,1.277289,1.282463,1.28832,1.293601,1.29909,1.305022,1.310328,1.316771,1.322518,1.328373,1.335265,1.341563,1.348274,1.355116,1.361225,1.369079,1.375608,1.382437,1.390019,1.397037,1.403791,1.411891,1.419231,1.426869,1.43503,1.442592,1.451424,1.459295,1.467544,1.476021,1.484638,1.492783,1.50182,1.510601,1.519208,1.528575,1.537814,1.546716,1.556333,1.565247,1.575385,1.585215,1.594228,1.605033,1.614826,1.624621,1.63581,1.644798,1.656389,1.667199,1.676823,1.688622,1.699632,1.709257,1.721933,1.732778,1.743236,1.755993,1.766322,1.778474,1.790391,1.801869,1.81432,1.826529,1.838334,1.851132,1.862938,1.876247,1.888214,1.901594,1.91411,1.926775,1.940072,1.953247,1.966302,1.980273,1.992652,2.007082,2.020387,2.033737,2.04847,2.062098,2.076446,2.091092,2.103666,2.119268,2.134147,2.146733,2.163439,2.177711,2.191543,2.208055,2.222547,2.237455,2.253638,2.267479,2.284636,2.299775,2.315013,2.331679,2.347269,2.363365,2.380155,2.395433,2.412851,2.429075,2.445464,2.461573,2.479209,2.495174,2.512829,2.529622,2.546265,2.564456,2.581543,2.598379,2.617637,2.633008,2.651798,2.670458,2.685622,2.705427,2.723914,2.740552,2.760447,2.779032,2.796364,2.816766,2.833396,2.853668,2.872612,2.890407,2.910951,2.929735,2.948458,2.969246,2.986832,3.007913,3.027903,3.0467,3.067327,3.087237,3.106958,3.128471,3.146738,3.167861,3.187275,3.2091,3.228942,3.24925,3.270643,3.290794,3.310708,3.33256,3.35355,3.37481,3.396872,3.415949,3.440139,3.460647,3.480873,3.504682,3.525466,3.547545,3.570536,3.589567,3.614512,3.635457,3.656771,3.680544,3.702197,3.724716,3.748057,3.768261,3.793463,3.815215,3.837272,3.860918,3.882621,3.894844
3.906258,3.892985,3.869324,3.847509,3.821994,3.797978,3.775749,3.750343,3.726348,3.704438,3.679457,3.658546,3.6337,3.610194,3.588822,3.563832,3.541586,3.51957,3.494877,3.475496,3.450905,3.428246,3.407841,3.383883,3.361592,3.340886,3.317177,3.297491,3.275216,3.252845,3.232967,3.210585,3.189371,3.168409,3.146867,3.125906,3.105686,3.084636,3.063945,3.042943,3.023943,3.001814,2.982495,2.963134,2.941912,2.922406,2.902647,2.881938,2.864336,2.842838,2.824416,2.80576,2.785209,2.766944,2.747553,2.72826,2.711861,2.690785,2.673116,2.65594,2.635934,2.618597,2.60197,2.582731,2.565163,2.547453,2.529204,2.513077,2.494302,2.477472,2.460603,2.443426,2.426172,2.409497,2.393308,2.376551,2.360326,2.343623,2.327231,2.31181,2.294806,2.280142,2.26352,2.247723,2.233145,2.216649,2.201775,2.186817,2.170288,2.157412,2.141216,2.12647,2.1131,2.097026,2.082743,2.070113,2.054797,2.040395,2.027348,2.012387,1.999879,1.985432,1.97167,1.958676,1.944516,1.931528,1.918703,1.90513,1.893093,1.879641,1.866645,1.853859,1.842584,1.830132,1.817646,1.805608,1.793763,1.781424,1.770606,1.757848,1.746906,1.73588,1.72393,1.712925,1.701628,1.690685,1.680268,1.669226,1.658336,1.649084,1.63719,1.627192,1.617563,1.606556,1.596994,1.587088,1.576893,1.568326,1.557765,1.548609,1.539613,1.529888,1.521084,1.512,1.502907,1.494626,1.485276,1.476931,1.468523,1.460039,1.45206,1.444337,1.43589,1.428182,1.420671,1.412587,1.405143,1.398123,1.390454,1.38331,1.376462,1.368915,1.363198,1.355802,1.348897,1.343161,1.336424,1.329814,1.3243,1.317664,1.31196,1.305701,1.299831,1.294564,1.288698,1.283326,1.278244,1.272674,1.268255,1.262915,1.258126,1.253581,1.24871,1.244253,1.240113,1.235457,1.23146,1.2273,1.22335,1.219238,1.215655,1.212159,1.208494,1.205111,1.201676,1.198504,1.195466,1.192438,1.189492,1.187005,1.184008,1.181536,1.17925,1.176764,1.174704,1.172585,1.17046,1.168782,1.166928,1.165182,1.163747,1.162194,1.160891,1.15964,1.158427,1.157626,1.156634,1.155834,1.155295,1.154741,1.154257,1.154003,1.153834,1.153738,1.153724,1.153835,1.153995,1.154266,1.154763,1.155387,1.156062,1.156836,1.15761,1.15869,1.159771,1.160969,1.162296,1.163763,1.165331,1.167053,1.168616,1.170753,1.172593,1.174483,1.176938,1.179373,1.181449,1.184096,1.186181,1.189295,1.192351,1.19484,1.198441,1.201539,1.2047,1.208423,1.211663,1.215421,1.219411,1.222945,1.227094,1.23132,1.23559,1.239617,1.244109,1.248594,1.253322,1.258089,1.262989,1.267424,1.273071,1.278053,1.283184,1.28904,1.294418,1.299947,1.30594,1.311183,1.317727,1.323457,1.329446,1.336263,1.342651,1.349323,1.356195,1.362238,1.370041,1.376714,1.383286,1.391088,1.398029,1.404889,1.412991,1.420424,1.428102,1.436186,1.44351,1.452321,1.460272,1.468539,1.477153,1.485673,1.493875,1.503042,1.511752,1.520486,1.529758,1.538992,1.547894,1.557767,1.566602,1.576698,1.586576,1.595603,1.606381,1.616145,1.62603,1.637304,1.646299,1.657826,1.668712,1.678342,1.690048,1.700953,1.710802,1.722937,1.734043,1.744724,1.757199,1.76759,1.779935,1.791894,1.80329,1.815849,1.827878,1.839683,1.852571,1.864391,1.877584,1.889685,1.903064,1.915489,1.928216,1.941454,1.954657,1.96779,1.981592,1.993968,2.008603,2.021792,2.035183,2.04989,2.063462,2.077838,2.092484,2.105018,2.120784,2.135348,2.148075,2.164676,2.178938,2.192816,2.209292,2.223853,2.238735,2.254837,2.268636,2.285826,2.300964,2.316298,2.332904,2.348515,2.364708,2.381317,2.396573,2.414059,2.430255,2.446651,2.462723,2.480283,2.496239,2.513981,2.530534,2.547272,2.565321,2.582513,2.59945,2.618471,2.633845,2.652825,2.671468,2.686698,2.706547,2.724961,2.741602,2.761417,2.779945,2.797236,2.817534,2.834141,2.854276,2.873304,2.891258,2.911725,2.930497,2.949243,2.97021,2.987563,3.008556,3.028484,3.04736,3.06792,3.088011,3.107688,3.129109,3.147407,3.168451,3.187897,3.209775,3.229533,3.24981,3.271178,3.291496,3.311413,3.333212,3.354057,3.375501,3.397486,3.416409,3.440599,3.461065,3.481282,3.504975,3.525775,3.547867,3.570946,3.590102,3.615003,3.635797,3.657169,3.680899,3.702601,3.725202,3.748406,3.768859,3.793974,3.815758,3.837805,3.861501,3.88323,3.895437
3.907108,3.893855,3.870211,3.848343,3.822619,3.798725,3.776598,3.751188,3.72719,3.705242,3.680363,3.659375,3.634483,3.610991,3.589553,3.564599,3.542365,3.520326,3.495603,3.476263,3.45156,3.428768,3.408448,3.384609,3.362326,3.341589,3.317866,3.298084,3.275817,3.253495,3.233617,3.211217,3.189938,3.168936,3.147491,3.126454,3.106232,3.085236,3.064492,3.043426,3.024442,3.002308,2.982996,2.963612,2.942355,2.922828,2.903094,2.8824,2.86485,2.843311,2.824842,2.806246,2.785695,2.767411,2.748157,2.72882,2.712375,2.691284,2.673598,2.656366,2.63637,2.619042,2.602406,2.583264,2.565626,2.547992,2.529747,2.513683,2.494934,2.47803,2.461174,2.443983,2.426714,2.409997,2.393799,2.377103,2.360861,2.344057,2.327759,2.312339,2.295302,2.280686,2.264155,2.248157,2.233639,2.217139,2.202169,2.187294,2.170883,2.157964,2.141875,2.126986,2.113754,2.097771,2.083477,2.070738,2.055441,2.041058,2.027957,2.012956,2.000573,1.986133,1.972442,1.959434,1.945282,1.932287,1.919483,1.905963,1.893959,1.880419,1.86751,1.854685,1.8434,1.830968,1.818422,1.806359,1.794475,1.782111,1.77129,1.758469,1.747499,1.736494,1.724503,1.713488,1.702247,1.691296,1.680855,1.669843,1.658884,1.649645,1.637751,1.627759,1.618171,1.607157,1.597596,1.587684,1.577466,1.568888,1.558312,1.549169,1.54019,1.530485,1.521641,1.51255,1.503455,1.495178,1.485771,1.477466,1.469066,1.460604,1.452599,1.444863,1.4365,1.428761,1.421227,1.413159,1.405711,1.398637,1.391005,1.383934,1.377037,1.369491,1.363697,1.356317,1.349443,1.343681,1.336949,1.330348,1.324739,1.318123,1.31258,1.306344,1.300357,1.295085,1.289283,1.283907,1.278813,1.27324,1.268769,1.263366,1.258537,1.254005,1.249153,1.244589,1.24048,1.235878,1.231866,1.227675,1.223766,1.21967,1.216041,1.212552,1.208883,1.205548,1.202198,1.198936,1.195879,1.192873,1.189895,1.187397,1.184402,1.182009,1.179696,1.177222,1.175087,1.172998,1.170896,1.169184,1.167279,1.165634,1.164191,1.162641,1.161328,1.160108,1.15886,1.158018,1.157047,1.156271,1.155706,1.155166,1.154671,1.154422,1.154252,1.154196,1.154171,1.154294,1.154479,1.154779,1.155269,1.155902,1.156552,1.157299,1.158127,1.159192,1.160269,1.161531,1.162906,1.164378,1.165873,1.167629,1.169223,1.171343,1.173239,1.175141,1.177572,1.180104,1.182189,1.184909,1.187131,1.190241,1.193205,1.195798,1.199285,1.202418,1.20562,1.209436,1.212664,1.21644,1.220356,1.223946,1.228082,1.232293,1.236498,1.240481,1.245018,1.249527,1.254219,1.259019,1.263973,1.268453,1.274067,1.279126,1.284309,1.290209,1.295588,1.301166,1.307173,1.312442,1.319061,1.324826,1.330781,1.337584,1.344015,1.350702,1.357533,1.363566,1.371382,1.378012,1.384639,1.392445,1.399406,1.406272,1.414334,1.421823,1.429515,1.437646,1.444945,1.453721,1.461622,1.469911,1.478418,1.486851,1.495082,1.504227,1.512996,1.521657,1.530958,1.540219,1.549104,1.558974,1.567782,1.577844,1.587704,1.596771,1.607512,1.617275,1.627114,1.638309,1.647286,1.658784,1.669648,1.679315,1.691047,1.701872,1.71173,1.723772,1.734981,1.745702,1.758068,1.76839,1.780703,1.792695,1.80413,1.816656,1.828674,1.840473,1.853372,1.865223,1.878336,1.890459,1.903856,1.916261,1.929009,1.942307,1.955416,1.968577,1.982442,1.994867,2.009521,2.022649,2.035994,2.050735,2.064336,2.078673,2.093297,2.105869,2.121642,2.136126,2.148799,2.165402,2.179607,2.19355,2.209979,2.224581,2.239557,2.255616,2.269359,2.286542,2.301644,2.316953,2.333607,2.349255,2.365418,2.382063,2.397304,2.414781,2.430926,2.44735,2.463432,2.480991,2.496967,2.514678,2.531247,2.547969,2.566077,2.583278,2.600154,2.619181,2.634592,2.653502,2.672166,2.687393,2.707278,2.725677,2.742351,2.762142,2.780733,2.798017,2.818333,2.834913,2.854997,2.874046,2.891964,2.912484,2.931362,2.950089,2.971025,2.988393,3.009423,3.029281,3.048136,3.068828,3.088952,3.108574,3.129998,3.148239,3.169374,3.188899,3.210742,3.230467,3.250781,3.27213,3.292426,3.312445,3.334323,3.355069,3.376543,3.398506,3.417459,3.441668,3.462108,3.482368,3.506038,3.526856,3.549011,3.572118,3.591308,3.616123,3.637038,3.658293,3.682087,3.703856,3.726518,3.749681,3.770082,3.795183,3.817001,3.839077,3.862772,3.884484,3.8967
3.907249,3.893958,3.870351,3.84859,3.822801,3.799003,3.776747,3.75125,3.727362,3.705404,3.680427,3.659434,3.63459,3.611136,3.589649,3.564723,3.542467,3.520442,3.495686,3.47634,3.45168,3.428865,3.408575,3.384709,3.362386,3.341708,3.317953,3.298232,3.275928,3.253579,3.23372,3.211314,3.190024,3.169046,3.147629,3.126596,3.106308,3.085292,3.064598,3.043571,3.024568,3.002419,2.983106,2.963685,2.942442,2.92292,2.903178,2.882459,2.864968,2.843429,2.824952,2.806351,2.785835,2.767515,2.748295,2.728949,2.712481,2.69138,2.673704,2.65639,2.636457,2.61911,2.602441,2.583267,2.565677,2.548063,2.529806,2.513756,2.495013,2.478102,2.461193,2.443989,2.426739,2.410022,2.393832,2.377164,2.360966,2.344123,2.32783,2.312416,2.295337,2.280784,2.264188,2.248228,2.233601,2.217269,2.202241,2.187304,2.170866,2.158039,2.141941,2.127009,2.113794,2.097811,2.08353,2.070771,2.055472,2.041117,2.02797,2.013039,2.000629,1.986149,1.972407,1.959463,1.945443,1.932423,1.919667,1.906123,1.894086,1.880538,1.867634,1.854803,1.843513,1.831045,1.818516,1.806461,1.794574,1.782225,1.771375,1.758556,1.747557,1.73655,1.724555,1.713531,1.702296,1.691349,1.680934,1.669895,1.658967,1.649634,1.63775,1.627826,1.618264,1.607244,1.597613,1.587758,1.577516,1.568896,1.558322,1.549211,1.540195,1.530534,1.521632,1.512564,1.503523,1.495239,1.485884,1.477508,1.469045,1.460623,1.45262,1.444841,1.436516,1.42875,1.421165,1.413168,1.405664,1.398684,1.390995,1.383965,1.377016,1.369506,1.363734,1.356286,1.349553,1.343678,1.336904,1.330276,1.324592,1.318065,1.312488,1.306322,1.300375,1.295111,1.289219,1.28385,1.278694,1.273149,1.268621,1.263234,1.258376,1.253852,1.249022,1.244431,1.240218,1.23567,1.231666,1.227471,1.223562,1.219483,1.215882,1.212319,1.208665,1.20534,1.20202,1.198713,1.195625,1.192576,1.189625,1.187125,1.184149,1.181746,1.179406,1.176875,1.174711,1.172643,1.170544,1.168862,1.166918,1.165258,1.163849,1.162273,1.160968,1.159715,1.158537,1.157694,1.156759,1.156037,1.155417,1.154861,1.154379,1.154088,1.15391,1.153894,1.1539,1.154077,1.15424,1.154528,1.155014,1.155574,1.15627,1.157027,1.157857,1.158931,1.159993,1.161194,1.16261,1.164052,1.165514,1.16725,1.16893,1.171027,1.172945,1.174876,1.177331,1.179765,1.181891,1.184681,1.186949,1.189972,1.192999,1.195631,1.199087,1.202273,1.205446,1.209281,1.212478,1.216251,1.220163,1.223781,1.228,1.23214,1.236388,1.24035,1.244926,1.249458,1.254187,1.258958,1.263847,1.26836,1.273986,1.279037,1.28422,1.290118,1.295517,1.301053,1.307106,1.312361,1.318997,1.324829,1.330768,1.337551,1.343926,1.350598,1.357433,1.363436,1.371255,1.377919,1.384544,1.392357,1.399329,1.406161,1.414224,1.421732,1.429429,1.437598,1.44489,1.453693,1.461616,1.469901,1.478475,1.486911,1.495189,1.504288,1.513013,1.521669,1.530936,1.540194,1.549089,1.559005,1.567731,1.577795,1.587646,1.596767,1.607456,1.617208,1.627055,1.638269,1.647254,1.658724,1.669485,1.679151,1.690923,1.701715,1.711571,1.723675,1.73482,1.745421,1.757844,1.768222,1.780493,1.792439,1.803907,1.816415,1.828417,1.840253,1.853175,1.86504,1.878109,1.890234,1.903603,1.915938,1.928686,1.941991,1.955081,1.96825,1.982131,1.994494,2.009207,2.022307,2.035655,2.050398,2.063987,2.078326,2.092978,2.105442,2.121266,2.135762,2.148452,2.165028,2.179208,2.193183,2.209488,2.224088,2.239102,2.255175,2.268916,2.286067,2.301162,2.316519,2.333151,2.348803,2.36493,2.381604,2.39684,2.414318,2.430502,2.446907,2.462985,2.48052,2.496491,2.514193,2.530817,2.54753,2.565569,2.58277,2.599648,2.618652,2.634048,2.652928,2.671624,2.686926,2.706751,2.725147,2.741738,2.761567,2.780227,2.797509,2.817778,2.834366,2.854413,2.87345,2.891417,2.911932,2.930869,2.949466,2.970487,2.987887,3.008855,3.028736,3.047595,3.068256,3.088517,3.108132,3.12955,3.147821,3.168958,3.188456,3.210305,3.230051,3.250389,3.271761,3.29205,3.312068,3.333987,3.354727,3.376218,3.398107,3.417038,3.441285,3.46171,3.481919,3.505699,3.526517,3.548668,3.571771,3.590987,3.615766,3.636771,3.657996,3.681737,3.703535,3.726243,3.749387,3.769888,3.794983,3.816813,3.838857,3.862539,3.884271,3.896558
3.907505,3.894273,3.870629,3.848882,3.823126,3.799291,3.77711,3.751677,3.727757,3.705798,3.680857,3.659788,3.634967,3.611475,3.589996,3.565051,3.542794,3.520773,3.495997,3.476649,3.451981,3.429208,3.408931,3.385093,3.362779,3.342089,3.318321,3.298577,3.276271,3.25392,3.23405,3.21164,3.190343,3.169413,3.148036,3.126976,3.106677,3.085663,3.065037,3.044017,3.024997,3.002823,2.983496,2.964048,2.942768,2.923231,2.903495,2.882778,2.86533,2.843802,2.825324,2.806713,2.786216,2.767888,2.748695,2.729339,2.712861,2.691785,2.674124,2.656801,2.63688,2.619513,2.602827,2.583621,2.565984,2.548408,2.530135,2.514082,2.495371,2.478452,2.46152,2.444311,2.427107,2.410336,2.394153,2.37755,2.361307,2.344437,2.328209,2.312856,2.295763,2.281191,2.264538,2.248558,2.233967,2.217588,2.202609,2.187746,2.171276,2.158367,2.142272,2.127361,2.114104,2.098143,2.083838,2.071032,2.055785,2.041489,2.028318,2.013396,2.000968,1.986502,1.972801,1.959887,1.945859,1.932803,1.920044,1.906466,1.894433,1.880908,1.867986,1.855183,1.843852,1.8314,1.818876,1.806833,1.794952,1.782572,1.771734,1.758962,1.747925,1.736879,1.724925,1.713893,1.70268,1.691691,1.681269,1.670215,1.659292,1.650005,1.638124,1.628187,1.618608,1.607562,1.597938,1.588085,1.577846,1.569217,1.558618,1.549519,1.540467,1.530816,1.521897,1.512855,1.503832,1.495516,1.486182,1.477789,1.469312,1.460875,1.45286,1.445088,1.436766,1.428962,1.421404,1.413401,1.405958,1.398938,1.39125,1.384188,1.377226,1.369716,1.363924,1.356506,1.349717,1.343896,1.33711,1.330424,1.324728,1.318229,1.31274,1.306557,1.30057,1.295337,1.289405,1.284055,1.278921,1.273352,1.268847,1.263444,1.258598,1.254041,1.249246,1.24462,1.240397,1.235877,1.231895,1.227703,1.22381,1.219706,1.216077,1.21254,1.208902,1.205598,1.202288,1.198925,1.195826,1.19281,1.189858,1.187419,1.184409,1.181996,1.179682,1.177173,1.174993,1.172962,1.170855,1.169172,1.167263,1.165652,1.164189,1.162605,1.161345,1.160112,1.158925,1.158058,1.157091,1.156387,1.155799,1.155219,1.154763,1.154437,1.154274,1.154248,1.154238,1.154403,1.15458,1.1549,1.155387,1.155937,1.156621,1.157415,1.158254,1.159341,1.160404,1.161602,1.163028,1.164444,1.165946,1.167682,1.169391,1.171478,1.173433,1.17536,1.177771,1.180244,1.182402,1.18517,1.18747,1.190456,1.193373,1.196097,1.199528,1.202738,1.205894,1.209696,1.212914,1.216685,1.2206,1.224201,1.228425,1.232551,1.236766,1.240769,1.245323,1.249869,1.254585,1.259378,1.26433,1.26884,1.274419,1.279451,1.284631,1.290557,1.295943,1.301473,1.307521,1.312748,1.319374,1.325207,1.331164,1.337913,1.34425,1.350913,1.357763,1.363791,1.371585,1.378221,1.384867,1.392626,1.399633,1.406501,1.414559,1.422016,1.429684,1.437876,1.445186,1.45399,1.461916,1.470191,1.478728,1.487129,1.495399,1.504496,1.513253,1.521888,1.531116,1.54041,1.549271,1.55916,1.567824,1.577965,1.587758,1.596885,1.607545,1.617327,1.627185,1.638348,1.647345,1.658824,1.66956,1.67918,1.690986,1.701711,1.711604,1.723712,1.734922,1.745457,1.757841,1.76816,1.780493,1.792457,1.80393,1.816402,1.828431,1.840302,1.853216,1.865005,1.878043,1.890162,1.903539,1.915864,1.928597,1.941914,1.955053,1.968193,1.982074,1.994408,2.009163,2.022257,2.035573,2.050345,2.063968,2.078305,2.092905,2.1054,2.121245,2.135702,2.14842,2.165015,2.179159,2.193191,2.209448,2.224026,2.239078,2.255177,2.268887,2.286054,2.301144,2.316488,2.3331,2.348801,2.364893,2.381554,2.396789,2.414273,2.430422,2.44689,2.462996,2.480494,2.49645,2.514175,2.530851,2.547562,2.565644,2.582814,2.599684,2.618647,2.634042,2.652947,2.671653,2.686987,2.706815,2.725178,2.741756,2.761588,2.780269,2.797514,2.817779,2.834369,2.854459,2.873514,2.891492,2.911966,2.930924,2.949554,2.970589,2.987997,3.008945,3.028815,3.047707,3.068353,3.088628,3.108214,3.129643,3.147913,3.16909,3.188624,3.210413,3.230186,3.250574,3.271918,3.292256,3.312301,3.334206,3.354912,3.376409,3.398299,3.417175,3.441474,3.461887,3.482098,3.505885,3.52669,3.548821,3.571916,3.591104,3.615882,3.63691,3.658158,3.6819,3.703713,3.726428,3.74955,3.770039,3.795143,3.817017,3.839056,3.862739,3.884442,3.896754
3.907464,3.894394,3.870652,3.848471,3.823184,3.79952,3.778068,3.752346,3.728049,3.70619,3.680868,3.660148,3.635084,3.611815,3.590321,3.56493,3.542767,3.520861,3.496289,3.47693,3.452137,3.429241,3.409046,3.385439,3.362754,3.342244,3.318626,3.298829,3.276477,3.254042,3.234417,3.212001,3.190574,3.169629,3.148401,3.127182,3.106784,3.085965,3.065455,3.044345,3.025324,3.003073,2.983742,2.964309,2.942896,2.923415,2.903737,2.883116,2.865756,2.844051,2.825533,2.807098,2.786495,2.768094,2.748899,2.729386,2.71292,2.691805,2.67423,2.65681,2.63694,2.619449,2.602681,2.58349,2.565885,2.548514,2.530417,2.514293,2.49564,2.478741,2.461808,2.444553,2.427259,2.410522,2.394406,2.377748,2.361615,2.344753,2.328446,2.313104,2.295919,2.281258,2.264955,2.248779,2.233721,2.217124,2.202145,2.187904,2.172252,2.158927,2.14244,2.127335,2.114391,2.098386,2.084114,2.071423,2.056235,2.041825,2.02875,2.013573,2.001309,1.986789,1.973036,1.960098,1.946206,1.933299,1.920492,1.906666,1.894813,1.881324,1.868504,1.855685,1.844362,1.831724,1.819371,1.807058,1.795003,1.7826,1.771842,1.759043,1.748089,1.73701,1.724826,1.713827,1.702678,1.691736,1.681313,1.670242,1.659325,1.650239,1.638144,1.628404,1.618796,1.607519,1.597822,1.588175,1.577883,1.569259,1.558592,1.549639,1.540421,1.530413,1.521473,1.51234,1.503261,1.494705,1.485367,1.477166,1.468877,1.460458,1.45232,1.444355,1.436239,1.428294,1.420439,1.412424,1.405262,1.397989,1.390393,1.383373,1.376561,1.368843,1.362915,1.35532,1.348597,1.342865,1.336061,1.329647,1.323528,1.316984,1.311225,1.305155,1.299167,1.29376,1.287908,1.282605,1.277693,1.272116,1.267476,1.262273,1.257351,1.252725,1.24781,1.243218,1.239159,1.234918,1.230817,1.226351,1.222672,1.218484,1.215024,1.211377,1.207457,1.204091,1.200717,1.197362,1.194406,1.191407,1.188373,1.185842,1.182706,1.180177,1.177858,1.175483,1.173183,1.171073,1.169014,1.16741,1.165577,1.163845,1.162279,1.160963,1.159726,1.158387,1.157507,1.156432,1.155532,1.154739,1.154022,1.153659,1.153219,1.152938,1.15284,1.152768,1.152701,1.152827,1.152994,1.153511,1.154023,1.154605,1.155414,1.156158,1.157067,1.158243,1.159465,1.160708,1.162011,1.164007,1.16554,1.167419,1.169137,1.171269,1.17345,1.17535,1.1776,1.180261,1.182665,1.185393,1.18772,1.190822,1.193738,1.196725,1.200186,1.203426,1.206788,1.210425,1.213655,1.217488,1.221546,1.22503,1.229297,1.233586,1.238013,1.241766,1.246373,1.251077,1.255827,1.260738,1.265682,1.270373,1.27586,1.280666,1.285863,1.291796,1.297408,1.303107,1.309204,1.314278,1.320825,1.326653,1.332658,1.339242,1.345512,1.352077,1.358741,1.364855,1.372565,1.379157,1.385759,1.393443,1.40036,1.407194,1.415293,1.422742,1.430355,1.438232,1.445763,1.454514,1.462409,1.470851,1.479201,1.487569,1.495717,1.50476,1.513661,1.522119,1.53106,1.54044,1.549404,1.559352,1.567913,1.577968,1.587535,1.596709,1.607102,1.617043,1.626851,1.637616,1.646462,1.658133,1.668751,1.678555,1.690247,1.700558,1.710153,1.722608,1.73369,1.744478,1.756633,1.76696,1.779633,1.791257,1.802536,1.815079,1.827141,1.838831,1.85182,1.863725,1.876776,1.888561,1.901591,1.913972,1.926854,1.940099,1.9532,1.966237,1.980306,1.99277,2.007472,2.020604,2.033916,2.048706,2.062328,2.076796,2.09114,2.103583,2.119483,2.134098,2.146689,2.163383,2.177331,2.19149,2.207746,2.222318,2.237342,2.253561,2.267425,2.2846,2.299767,2.31498,2.331558,2.34709,2.362989,2.379846,2.394995,2.412648,2.428827,2.445304,2.461344,2.479032,2.494787,2.512346,2.529288,2.545974,2.563951,2.581323,2.598217,2.61689,2.632582,2.651299,2.670251,2.685537,2.705265,2.723439,2.740129,2.760061,2.778709,2.795937,2.816198,2.832941,2.852898,2.87205,2.889907,2.910471,2.92942,2.947701,2.968657,2.986117,3.007346,3.027176,3.04592,3.066674,3.087395,3.106957,3.128271,3.146691,3.167959,3.18746,3.209268,3.229242,3.249413,3.270908,3.29113,3.311313,3.333377,3.354173,3.375621,3.397324,3.416398,3.440683,3.461023,3.481366,3.505167,3.526123,3.548349,3.571208,3.590397,3.615221,3.636168,3.657434,3.681494,3.703509,3.726628,3.749524,3.770089,3.795153,3.816873,3.838903,3.862498,3.883966,3.896126
3.909598,3.896519,3.872722,3.850772,3.825598,3.80111,3.779007,3.753431,3.72989,3.707797,3.682305,3.661766,3.636744,3.613376,3.591984,3.566898,3.544685,3.522723,3.49814,3.478638,3.453825,3.430962,3.410558,3.386786,3.364627,3.3437,3.320182,3.300348,3.277957,3.255449,3.235773,3.213506,3.192004,3.171075,3.149872,3.128741,3.108332,3.087492,3.067019,3.046177,3.027145,3.004951,2.985453,2.96598,2.94485,2.925367,2.905587,2.88487,2.867728,2.846159,2.827555,2.808831,2.788265,2.770136,2.750914,2.731488,2.715077,2.694028,2.676396,2.658909,2.638947,2.621496,2.604772,2.585571,2.567906,2.550419,2.532259,2.51631,2.497624,2.480541,2.463696,2.446336,2.429186,2.412309,2.396203,2.379639,2.36342,2.346645,2.330405,2.315164,2.298015,2.283428,2.266642,2.250925,2.236178,2.219715,2.204361,2.189867,2.173797,2.160728,2.144504,2.129243,2.115933,2.099913,2.085766,2.072992,2.057501,2.043214,2.030128,2.01527,2.002972,1.988407,1.974549,1.961475,1.947706,1.934379,1.921699,1.907894,1.8959,1.882415,1.869474,1.856637,1.845334,1.832928,1.820353,1.808212,1.796375,1.784052,1.773134,1.760386,1.749464,1.738533,1.726629,1.715691,1.704342,1.693635,1.683049,1.671795,1.660868,1.651575,1.639863,1.629973,1.620317,1.609164,1.599517,1.589565,1.579244,1.570791,1.560242,1.551232,1.542108,1.532498,1.523484,1.514553,1.50541,1.497225,1.487894,1.479489,1.471136,1.46251,1.454283,1.446635,1.438387,1.430433,1.423027,1.415027,1.407443,1.400438,1.392818,1.385732,1.379086,1.371634,1.365513,1.358309,1.351525,1.345322,1.33843,1.332097,1.326587,1.319785,1.314546,1.3081,1.302288,1.296985,1.291071,1.28578,1.280521,1.274785,1.270244,1.264956,1.259971,1.25543,1.250718,1.246029,1.241801,1.237534,1.233604,1.229253,1.225324,1.221485,1.217831,1.214305,1.210547,1.207,1.203726,1.200401,1.197247,1.194327,1.191249,1.188787,1.185742,1.183356,1.180866,1.178358,1.17613,1.174008,1.171923,1.170356,1.168389,1.16671,1.165329,1.163876,1.162626,1.161359,1.160076,1.159327,1.158217,1.157451,1.156752,1.156205,1.155782,1.155559,1.155356,1.155089,1.155123,1.155153,1.155378,1.155865,1.156245,1.156844,1.157477,1.158173,1.158902,1.160121,1.161216,1.162509,1.163939,1.165362,1.166686,1.168512,1.170084,1.172169,1.174474,1.17633,1.178748,1.180814,1.183109,1.186057,1.188474,1.191227,1.194139,1.197385,1.200302,1.203759,1.206775,1.21045,1.213946,1.217575,1.22139,1.22481,1.229073,1.233302,1.237611,1.241533,1.245894,1.250534,1.255286,1.26011,1.265251,1.269702,1.275247,1.280103,1.285443,1.291086,1.29652,1.302266,1.30829,1.313491,1.32015,1.326093,1.332034,1.338823,1.345136,1.351754,1.358723,1.364663,1.372288,1.379005,1.385745,1.393812,1.400735,1.407729,1.415758,1.423262,1.431012,1.439171,1.446778,1.455408,1.463315,1.471788,1.480358,1.48879,1.496983,1.506117,1.515078,1.523895,1.533099,1.542336,1.551365,1.561417,1.569854,1.579877,1.589523,1.59895,1.60957,1.619482,1.62937,1.640571,1.64942,1.660853,1.671567,1.681125,1.693049,1.703863,1.71383,1.725813,1.737173,1.747814,1.75985,1.770306,1.782809,1.79487,1.806169,1.818759,1.83087,1.842537,1.855518,1.867404,1.880536,1.892816,1.906151,1.918506,1.931223,1.944634,1.957678,1.970903,1.98476,1.997021,2.011921,2.024987,2.038436,2.053184,2.0667,2.081086,2.095649,2.108115,2.12403,2.138496,2.15139,2.168157,2.182291,2.196213,2.212598,2.227145,2.242267,2.258302,2.272022,2.289116,2.304385,2.319634,2.336188,2.351841,2.367971,2.384738,2.399954,2.417412,2.433483,2.449914,2.466006,2.483689,2.499501,2.517192,2.533735,2.550344,2.568339,2.585534,2.602339,2.621184,2.636708,2.655426,2.674025,2.689319,2.709045,2.727485,2.743936,2.763925,2.782462,2.799668,2.820121,2.836771,2.856992,2.875961,2.893842,2.914333,2.932971,2.951523,2.972404,2.990292,3.011052,3.03082,3.049355,3.070029,3.090571,3.110129,3.131705,3.149904,3.170834,3.190336,3.21207,3.231857,3.252252,3.273793,3.294115,3.313967,3.335867,3.356689,3.378222,3.400046,3.418695,3.442944,3.463815,3.483822,3.507562,3.528345,3.550232,3.573231,3.592515,3.61709,3.638378,3.659585,3.683332,3.7052,3.727772,3.750801,3.77136,3.796414,3.818261,3.840192,3.864019,3.885779,3.897974
3.909735,3.896758,3.872591,3.850861,3.825545,3.801471,3.779047,3.753906,3.729887,3.707323,3.682236,3.661366,3.636213,3.613144,3.59159,3.566628,3.544328,3.52225,3.49749,3.478277,3.453893,3.431147,3.410685,3.386606,3.364116,3.343378,3.319795,3.299823,3.277412,3.255215,3.235288,3.212762,3.191466,3.170657,3.148946,3.127838,3.107525,3.086752,3.066153,3.044902,3.025717,3.003733,2.984388,2.964951,2.943516,2.923909,2.904454,2.883784,2.866379,2.844746,2.826426,2.807763,2.787145,2.768882,2.749676,2.730182,2.713864,2.69266,2.675087,2.657683,2.638003,2.620645,2.603986,2.584918,2.56737,2.549888,2.531771,2.515725,2.496711,2.47984,2.463185,2.445996,2.428668,2.411929,2.395716,2.37911,2.36304,2.346032,2.329768,2.314439,2.297238,2.282664,2.266135,2.250414,2.235567,2.21888,2.20395,2.189404,2.172935,2.160184,2.143894,2.1291,2.115749,2.099943,2.085658,2.072823,2.057379,2.043352,2.030106,2.014939,2.002486,1.988003,1.974189,1.961299,1.947189,1.934238,1.921453,1.907519,1.895705,1.88229,1.869661,1.856712,1.845269,1.832859,1.82013,1.807906,1.795878,1.783318,1.772694,1.759953,1.748868,1.737465,1.725536,1.714694,1.70309,1.692029,1.681583,1.670629,1.659763,1.650249,1.638488,1.628912,1.619008,1.607712,1.598314,1.588389,1.578405,1.569533,1.559068,1.549989,1.540845,1.531133,1.522414,1.51346,1.504432,1.496024,1.486589,1.478148,1.469731,1.461364,1.453541,1.44584,1.437619,1.42979,1.422056,1.413995,1.406516,1.399308,1.391944,1.384803,1.377818,1.370554,1.364303,1.356872,1.350314,1.344559,1.337581,1.330807,1.325195,1.318611,1.313567,1.30676,1.301302,1.295765,1.289927,1.284678,1.279597,1.274069,1.269566,1.264212,1.259372,1.254957,1.250218,1.245381,1.24094,1.236434,1.232464,1.228316,1.224389,1.220129,1.216658,1.213018,1.209493,1.206284,1.202891,1.199513,1.196401,1.193211,1.190301,1.187836,1.184864,1.182628,1.180318,1.177933,1.17587,1.173688,1.171518,1.169797,1.167879,1.166215,1.164625,1.162942,1.161817,1.160413,1.159507,1.158257,1.157347,1.156848,1.156289,1.155763,1.155329,1.154902,1.154862,1.154739,1.154783,1.154753,1.155049,1.155262,1.155738,1.156579,1.157183,1.157968,1.158808,1.160006,1.161048,1.16215,1.163516,1.165048,1.166686,1.168564,1.170137,1.172105,1.174056,1.176225,1.1785,1.181012,1.183007,1.186036,1.188782,1.191559,1.194119,1.197291,1.200448,1.203605,1.206958,1.210775,1.213966,1.217675,1.221788,1.225538,1.2296,1.233704,1.238015,1.242196,1.246703,1.25114,1.255839,1.260635,1.265749,1.270399,1.275818,1.280991,1.286168,1.291869,1.297252,1.302976,1.30889,1.314137,1.320849,1.326435,1.3325,1.339319,1.345583,1.352103,1.358913,1.365106,1.372631,1.379321,1.385982,1.393708,1.400734,1.407722,1.41561,1.423247,1.430786,1.439221,1.446695,1.455387,1.463364,1.471689,1.480089,1.488525,1.496612,1.505765,1.514485,1.523035,1.532206,1.541587,1.550446,1.560488,1.569121,1.57944,1.589148,1.598686,1.609223,1.619185,1.628937,1.639968,1.649092,1.660564,1.671253,1.680813,1.692696,1.703015,1.712694,1.724826,1.736305,1.746792,1.7588,1.768979,1.781587,1.793269,1.80521,1.817511,1.82953,1.841237,1.854156,1.86591,1.878986,1.891198,1.904435,1.916661,1.929332,1.942513,1.955647,1.968767,1.982582,1.994969,2.009588,2.022614,2.035706,2.050777,2.064447,2.078577,2.093238,2.105745,2.121764,2.136065,2.1488,2.16561,2.179723,2.193354,2.209926,2.22468,2.23977,2.255719,2.269483,2.28655,2.301645,2.317044,2.333508,2.349363,2.365428,2.382202,2.397353,2.41465,2.430919,2.447272,2.463493,2.480925,2.496947,2.514651,2.531517,2.548169,2.566256,2.583294,2.60038,2.619361,2.634676,2.653699,2.672345,2.687638,2.707412,2.72564,2.74235,2.762403,2.780894,2.79819,2.818625,2.835273,2.855562,2.874262,2.892141,2.912571,2.931482,2.949836,2.971075,2.988519,3.009644,3.029417,3.04817,3.069072,3.089385,3.108802,3.130529,3.148686,3.169899,3.189414,3.211208,3.231157,3.251505,3.272746,3.292893,3.313094,3.334849,3.355449,3.376772,3.398565,3.417364,3.441748,3.462177,3.482441,3.50602,3.527137,3.549163,3.572384,3.59147,3.616192,3.637347,3.658391,3.68214,3.70389,3.726795,3.749706,3.770095,3.795437,3.817121,3.839196,3.862853,3.884209,3.896506
3.911516,3.898487,3.874584,3.852852,3.827286,3.803203,3.780904,3.755826,3.732058,3.709583,3.684261,3.663405,3.638422,3.615312,3.593812,3.568869,3.546557,3.524372,3.499587,3.480281,3.455891,3.433101,3.412614,3.388576,3.366187,3.345582,3.321798,3.3019,3.279607,3.257298,3.237433,3.214913,3.193584,3.172746,3.15129,3.130141,3.109847,3.088884,3.068246,3.047151,3.02803,3.005973,2.986656,2.967262,2.945815,2.926254,2.906677,2.886084,2.868669,2.847061,2.828545,2.80995,2.789481,2.771166,2.751965,2.732414,2.716195,2.695015,2.677489,2.66001,2.640259,2.622813,2.606126,2.586938,2.569487,2.552015,2.533779,2.517878,2.498945,2.482099,2.465243,2.448067,2.430794,2.414093,2.397919,2.381328,2.36522,2.348236,2.33204,2.316657,2.299485,2.284754,2.268321,2.252628,2.237428,2.221157,2.206386,2.19164,2.175184,2.162221,2.145899,2.131124,2.117911,2.101987,2.087714,2.074859,2.05935,2.045179,2.031903,2.016846,2.004489,1.989996,1.976214,1.963364,1.94934,1.936269,1.923448,1.909637,1.897681,1.884257,1.87165,1.858723,1.847306,1.834816,1.822166,1.810036,1.798005,1.785543,1.774801,1.76198,1.750874,1.73962,1.727662,1.716912,1.70543,1.694374,1.683829,1.672909,1.662094,1.652758,1.640861,1.631194,1.621349,1.610267,1.600726,1.590744,1.580644,1.571878,1.561322,1.552424,1.543236,1.533565,1.524747,1.515759,1.506788,1.498356,1.488964,1.480642,1.472083,1.463791,1.455884,1.448241,1.439991,1.432111,1.424488,1.416482,1.409016,1.401818,1.394346,1.387194,1.380233,1.372949,1.366761,1.359236,1.352601,1.346817,1.339725,1.332825,1.327233,1.320895,1.315536,1.309026,1.30336,1.298083,1.292034,1.286822,1.281684,1.2762,1.271641,1.266306,1.261411,1.257,1.252189,1.247514,1.243121,1.238645,1.234664,1.230526,1.22651,1.222416,1.218765,1.215247,1.211679,1.208428,1.205089,1.201621,1.198525,1.195394,1.192514,1.18999,1.186944,1.184651,1.182344,1.179847,1.177762,1.17566,1.173549,1.171896,1.169919,1.168215,1.166665,1.165002,1.163818,1.162682,1.161671,1.160454,1.159549,1.15896,1.158293,1.15774,1.157244,1.15694,1.156884,1.156769,1.156843,1.156882,1.156997,1.157313,1.157854,1.15851,1.159105,1.159944,1.160729,1.161893,1.162887,1.16403,1.165434,1.167125,1.168548,1.170307,1.171942,1.173951,1.175814,1.178208,1.180439,1.182802,1.185087,1.188036,1.190604,1.193388,1.196202,1.199116,1.20238,1.205483,1.208716,1.212487,1.215855,1.219524,1.223432,1.227116,1.231334,1.235429,1.239632,1.24384,1.248412,1.252969,1.257697,1.262517,1.267519,1.272141,1.277698,1.282862,1.287932,1.293671,1.2991,1.304863,1.310788,1.316163,1.322752,1.328542,1.334517,1.341256,1.347527,1.35407,1.36092,1.36704,1.374664,1.381438,1.388156,1.395856,1.402853,1.40983,1.417906,1.425475,1.432993,1.441298,1.448683,1.457403,1.465277,1.473623,1.482068,1.490408,1.498661,1.507808,1.516609,1.525224,1.534448,1.543866,1.552654,1.562783,1.57157,1.581774,1.591551,1.600854,1.611451,1.621326,1.631144,1.642284,1.651213,1.662566,1.673398,1.682998,1.694823,1.705284,1.715139,1.727219,1.738518,1.749199,1.761399,1.771686,1.78424,1.795868,1.807542,1.8199,1.831966,1.843773,1.856739,1.868474,1.881586,1.893744,1.907019,1.91924,1.931923,1.945188,1.958333,1.971493,1.985357,1.997701,2.012363,2.025409,2.038575,2.053501,2.067121,2.081399,2.095953,2.108547,2.1245,2.138844,2.151545,2.168224,2.182491,2.196263,2.212682,2.227379,2.242535,2.258524,2.272229,2.289371,2.30447,2.319763,2.336226,2.352084,2.368054,2.384921,2.400088,2.417534,2.433713,2.450055,2.466168,2.483603,2.499656,2.517351,2.53419,2.550882,2.568911,2.585887,2.602844,2.621796,2.637198,2.656274,2.674895,2.690164,2.709843,2.72818,2.744858,2.76482,2.783324,2.800541,2.820952,2.837603,2.857764,2.876614,2.894556,2.915047,2.933851,2.952391,2.973373,2.990909,3.012022,3.031624,3.050658,3.071318,3.091551,3.110973,3.132612,3.150865,3.172016,3.191501,3.213391,3.233255,3.25372,3.274904,3.295129,3.315239,3.337058,3.357706,3.379039,3.400814,3.419651,3.444122,3.46447,3.484789,3.508322,3.529419,3.551388,3.574603,3.593774,3.618418,3.639594,3.660765,3.684532,3.706207,3.729039,3.751981,3.772335,3.797503,3.819253,3.841316,3.864961,3.886387,3.898788
3.912881,3.899925,3.875993,3.854226,3.828451,3.804548,3.782391,3.757106,3.733377,3.711013,3.685754,3.664776,3.639819,3.6166,3.595145,3.570175,3.547862,3.525787,3.500962,3.481657,3.457096,3.434361,3.413918,3.389893,3.367583,3.346956,3.32317,3.303263,3.28093,3.25866,3.238772,3.216359,3.195039,3.174079,3.152654,3.131524,3.111236,3.090277,3.069616,3.048539,3.029413,3.007361,2.988042,2.968569,2.947304,2.927782,2.908178,2.887522,2.870103,2.848588,2.830028,2.811499,2.791036,2.772654,2.75347,2.733971,2.71769,2.696629,2.679096,2.661687,2.64186,2.624424,2.60777,2.588638,2.571091,2.553548,2.535413,2.519432,2.500621,2.483743,2.466796,2.449694,2.432411,2.415633,2.399434,2.382969,2.36681,2.349945,2.333604,2.318231,2.301138,2.286396,2.269904,2.254179,2.239156,2.223019,2.208114,2.193355,2.176883,2.164025,2.147423,2.132619,2.119492,2.10353,2.089266,2.076474,2.060927,2.046712,2.033519,2.018462,2.006163,1.991611,1.977818,1.965,1.950978,1.937917,1.925092,1.911318,1.899351,1.885861,1.873229,1.860353,1.848859,1.83637,1.823735,1.811662,1.799699,1.787231,1.7764,1.763624,1.752509,1.741321,1.729326,1.718545,1.707159,1.696011,1.685562,1.674604,1.663682,1.654415,1.642465,1.632692,1.62285,1.611759,1.602176,1.592263,1.58214,1.573418,1.562895,1.553891,1.544673,1.535059,1.526163,1.517214,1.508157,1.499757,1.490393,1.48203,1.473528,1.46521,1.457204,1.44958,1.441261,1.433482,1.42586,1.417915,1.410403,1.403212,1.395725,1.388758,1.381824,1.374389,1.368292,1.360785,1.354013,1.348282,1.341315,1.33459,1.329024,1.322579,1.317235,1.310863,1.305146,1.299857,1.2939,1.288594,1.283445,1.27799,1.273351,1.267982,1.263081,1.25862,1.253744,1.249156,1.244735,1.240242,1.236328,1.232097,1.22817,1.224094,1.220413,1.216904,1.213338,1.210072,1.206821,1.203408,1.200285,1.197156,1.194234,1.191685,1.188751,1.186423,1.184115,1.181592,1.179428,1.177352,1.175213,1.173519,1.171532,1.169941,1.168356,1.166806,1.165558,1.164388,1.163307,1.16221,1.161254,1.160667,1.160058,1.15949,1.159029,1.158726,1.15862,1.158598,1.158628,1.158699,1.158849,1.159186,1.159696,1.160345,1.160978,1.16185,1.162741,1.16391,1.164953,1.166126,1.167423,1.169047,1.170582,1.172335,1.173962,1.176077,1.177917,1.180159,1.182491,1.184811,1.187143,1.189998,1.192559,1.195472,1.198263,1.201118,1.204373,1.207598,1.210763,1.214523,1.217882,1.22167,1.225586,1.229213,1.233401,1.237473,1.241674,1.245913,1.250455,1.255048,1.25971,1.264539,1.269539,1.274121,1.279782,1.284839,1.289945,1.29571,1.301165,1.306935,1.312808,1.318147,1.32475,1.330494,1.336464,1.343272,1.349533,1.356081,1.362969,1.369004,1.376645,1.383341,1.390062,1.397805,1.404824,1.411768,1.419783,1.427361,1.434973,1.44318,1.450503,1.459258,1.467196,1.475499,1.483971,1.492378,1.500623,1.509752,1.51858,1.527225,1.536459,1.545801,1.554571,1.56467,1.573398,1.583565,1.593297,1.602543,1.613225,1.623048,1.632838,1.643975,1.652937,1.664346,1.675182,1.684821,1.696616,1.707201,1.717099,1.729165,1.7405,1.751212,1.763392,1.773753,1.786267,1.797901,1.809423,1.821965,1.834045,1.845837,1.858797,1.870545,1.883673,1.895897,1.90919,1.921386,1.934126,1.947474,1.960574,1.973754,1.987564,1.999881,2.01463,2.027664,2.040842,2.055675,2.069291,2.083659,2.098248,2.11084,2.126772,2.141095,2.153814,2.170519,2.184673,2.198556,2.214845,2.229525,2.244692,2.26068,2.274319,2.29146,2.306595,2.321907,2.338382,2.354191,2.370181,2.386959,2.402154,2.419614,2.435814,2.452112,2.4682,2.485728,2.501812,2.519517,2.536222,2.552838,2.570947,2.587949,2.60487,2.623878,2.639276,2.658302,2.676978,2.692227,2.71194,2.730271,2.746962,2.766792,2.785377,2.802669,2.823031,2.839738,2.859807,2.878771,2.896723,2.917246,2.93602,2.954676,2.97571,2.993206,3.014281,3.033973,3.052938,3.073578,3.093758,3.113347,3.134867,3.153244,3.17434,3.193854,3.215725,3.235488,3.255932,3.277198,3.297547,3.317609,3.339429,3.360089,3.381421,3.403247,3.422166,3.446572,3.467011,3.487245,3.510795,3.531906,3.55381,3.576958,3.59618,3.620885,3.641911,3.663071,3.686945,3.708648,3.731398,3.754335,3.774759,3.799947,3.821702,3.843796,3.867452,3.888835,3.901297
3.913016,3.899916,3.876154,3.854262,3.828466,3.804623,3.782458,3.75723,3.733455,3.71114,3.685894,3.664998,3.640026,3.616814,3.595337,3.570361,3.54805,3.525986,3.501149,3.481821,3.457258,3.434502,3.414125,3.390139,3.367847,3.347176,3.323422,3.303508,3.281185,3.258916,3.239067,3.216679,3.195358,3.174337,3.152897,3.131823,3.111537,3.090579,3.069909,3.048845,3.02973,3.007687,2.988323,2.968881,2.947639,2.928104,2.908474,2.88786,2.870377,2.848852,2.83032,2.811807,2.791343,2.77296,2.753755,2.734249,2.717942,2.6969,2.679321,2.661913,2.642082,2.624613,2.60796,2.588798,2.571261,2.553698,2.535566,2.519601,2.500818,2.483943,2.466996,2.449846,2.432594,2.415798,2.399657,2.383155,2.366927,2.350083,2.333855,2.318428,2.301274,2.286533,2.270114,2.254236,2.239291,2.223139,2.208262,2.193502,2.176854,2.163938,2.147579,2.132677,2.119521,2.103599,2.089322,2.07659,2.061066,2.046801,2.03363,2.018609,2.006228,1.991674,1.977902,1.96511,1.95111,1.937963,1.925182,1.911433,1.899415,1.885915,1.873274,1.86038,1.84888,1.836421,1.82379,1.811687,1.79969,1.787255,1.776421,1.763712,1.75262,1.741411,1.729479,1.718664,1.707298,1.696211,1.685795,1.674796,1.663826,1.654599,1.642657,1.632868,1.623075,1.611988,1.602379,1.592492,1.582343,1.573626,1.563082,1.554072,1.544883,1.535286,1.526379,1.517368,1.508302,1.499915,1.490569,1.482219,1.473734,1.46538,1.457359,1.449667,1.441373,1.433588,1.426034,1.418127,1.41061,1.403363,1.395863,1.388856,1.381938,1.374583,1.36849,1.361009,1.354205,1.348405,1.341403,1.334845,1.329265,1.322863,1.317436,1.310992,1.305311,1.299946,1.294048,1.288711,1.283627,1.278168,1.27348,1.268076,1.263174,1.258753,1.253898,1.249297,1.244933,1.240417,1.236493,1.232269,1.228359,1.224286,1.220591,1.217026,1.213456,1.210197,1.206959,1.203545,1.200423,1.197305,1.194347,1.191816,1.188854,1.186506,1.184171,1.181671,1.179495,1.177395,1.175314,1.173618,1.171569,1.169958,1.168429,1.166882,1.165664,1.164539,1.163433,1.162354,1.161412,1.16077,1.160134,1.159565,1.159151,1.15885,1.15868,1.158632,1.158582,1.158682,1.158904,1.159192,1.159721,1.160303,1.160967,1.161845,1.162728,1.163862,1.164914,1.166088,1.167452,1.16905,1.170559,1.172295,1.173875,1.176028,1.17791,1.180093,1.182539,1.184806,1.187127,1.189966,1.19257,1.19553,1.198262,1.201044,1.204292,1.207479,1.210656,1.214425,1.217769,1.22158,1.22547,1.229065,1.233338,1.237457,1.241694,1.245849,1.250317,1.25496,1.259625,1.264498,1.269454,1.274031,1.279634,1.284716,1.28987,1.295674,1.301117,1.306863,1.312771,1.31808,1.32473,1.330478,1.336435,1.343263,1.349481,1.356058,1.362951,1.368959,1.376611,1.383253,1.390008,1.397759,1.404754,1.411711,1.419732,1.427264,1.43495,1.443141,1.450447,1.459186,1.467124,1.47542,1.483917,1.492378,1.500615,1.509738,1.518546,1.527195,1.536431,1.545777,1.554565,1.564642,1.573374,1.583563,1.593275,1.60254,1.613179,1.623029,1.632785,1.64394,1.652908,1.664315,1.675174,1.684802,1.696577,1.707202,1.717129,1.729141,1.740404,1.751126,1.76334,1.773789,1.786285,1.797897,1.809456,1.821967,1.834025,1.845795,1.85882,1.870581,1.88366,1.895902,1.909095,1.921345,1.934076,1.947442,1.960522,1.973642,1.987461,1.999757,2.014585,2.027585,2.040817,2.05562,2.069224,2.083633,2.098186,2.110747,2.126697,2.141052,2.153836,2.170486,2.184576,2.198517,2.214746,2.229448,2.24458,2.260667,2.274392,2.291467,2.306545,2.321852,2.338307,2.35412,2.370105,2.386938,2.402178,2.41966,2.435806,2.452118,2.46821,2.485743,2.501802,2.519469,2.536216,2.552792,2.570919,2.58792,2.604914,2.623864,2.639283,2.658228,2.676943,2.692169,2.711909,2.730233,2.746881,2.766722,2.785313,2.802555,2.822936,2.839585,2.859639,2.878582,2.896564,2.917066,2.93594,2.954503,2.975549,2.993011,3.014074,3.033836,3.052845,3.073425,3.09362,3.113162,3.134608,3.152987,3.174123,3.193658,3.215535,3.235265,3.255685,3.276991,3.297325,3.317363,3.339211,3.359926,3.381208,3.403085,3.421966,3.446327,3.466777,3.486977,3.510602,3.531598,3.553519,3.576688,3.59586,3.620576,3.641575,3.662826,3.686613,3.708358,3.731118,3.754125,3.77454,3.799683,3.821466,3.843534,3.867241,3.888692,3.901088
3.91219,3.899086,3.8753,3.853347,3.827495,3.803759,3.781663,3.756362,3.732523,3.710219,3.685016,3.664127,3.63922,3.615991,3.594487,3.569538,3.547184,3.525107,3.500323,3.481011,3.456417,3.433659,3.413316,3.389276,3.367019,3.34639,3.32266,3.302786,3.280448,3.258132,3.238324,3.215953,3.194666,3.173663,3.152221,3.131108,3.110773,3.089828,3.069195,3.048157,3.029066,3.007,2.987613,2.968155,2.946917,2.927309,2.907684,2.887045,2.869607,2.848066,2.82955,2.810973,2.790513,2.772111,2.752847,2.733355,2.71706,2.696012,2.67843,2.661047,2.641167,2.623728,2.607069,2.587912,2.570385,2.552782,2.534619,2.518656,2.499897,2.483009,2.46603,2.448858,2.431603,2.41481,2.398633,2.382065,2.36586,2.349083,2.332839,2.317373,2.30028,2.285618,2.269152,2.253243,2.238411,2.222129,2.207268,2.192472,2.175901,2.162983,2.146639,2.131779,2.118597,2.102659,2.088364,2.075589,2.060106,2.045807,2.032663,2.017606,2.005233,1.99072,1.976978,1.964175,1.950189,1.936995,1.924211,1.910486,1.898504,1.885023,1.872328,1.859465,1.847993,1.835537,1.82289,1.810785,1.798833,1.78645,1.775598,1.762871,1.751769,1.740604,1.728687,1.71783,1.706483,1.695393,1.68502,1.674002,1.663056,1.653816,1.641852,1.632052,1.622277,1.611184,1.601548,1.591659,1.581495,1.572796,1.562275,1.553263,1.544057,1.534478,1.525517,1.516532,1.507475,1.499111,1.489765,1.481407,1.472943,1.464508,1.456505,1.448816,1.440504,1.432687,1.425112,1.417217,1.409691,1.402475,1.395001,1.387982,1.381055,1.373654,1.367645,1.360115,1.353353,1.347474,1.340471,1.333956,1.328355,1.321955,1.316512,1.310185,1.304399,1.298981,1.293083,1.28774,1.282647,1.277103,1.272433,1.267027,1.262138,1.25774,1.252851,1.248288,1.243942,1.239388,1.235466,1.231244,1.22731,1.223253,1.219603,1.216054,1.21244,1.209205,1.205945,1.202531,1.199437,1.196344,1.193354,1.190794,1.187818,1.185472,1.183142,1.180635,1.178443,1.176361,1.174308,1.172592,1.170571,1.168957,1.167435,1.165916,1.164697,1.163549,1.162437,1.161415,1.160484,1.159826,1.159153,1.158576,1.158189,1.157923,1.157738,1.157698,1.15768,1.157785,1.157989,1.158322,1.158868,1.15945,1.160106,1.160987,1.161814,1.163005,1.164052,1.165243,1.166584,1.168176,1.169693,1.171424,1.173074,1.175127,1.177059,1.179228,1.181659,1.183945,1.186221,1.189046,1.191606,1.194643,1.197333,1.20013,1.203467,1.20661,1.209762,1.213569,1.216834,1.220643,1.224567,1.228169,1.232404,1.236542,1.240804,1.244918,1.249426,1.254061,1.258753,1.263607,1.268531,1.273142,1.278766,1.283822,1.288947,1.294731,1.300182,1.305932,1.311889,1.317137,1.323826,1.329584,1.33556,1.342345,1.348541,1.355142,1.362061,1.368015,1.375686,1.382341,1.389077,1.396877,1.403845,1.410789,1.418832,1.426349,1.43404,1.442254,1.449551,1.458266,1.466254,1.474516,1.483,1.49146,1.499701,1.508785,1.517587,1.526261,1.535466,1.544781,1.553597,1.563658,1.572398,1.582556,1.592272,1.601526,1.612174,1.621972,1.631749,1.642905,1.651908,1.663345,1.674202,1.68381,1.695582,1.706221,1.716135,1.728111,1.739357,1.75006,1.762274,1.772744,1.785283,1.796909,1.80845,1.820925,1.832974,1.844725,1.857767,1.869546,1.882614,1.894811,1.908055,1.920306,1.933045,1.946443,1.959514,1.972614,1.98647,1.998722,2.013547,2.026565,2.039805,2.054559,2.068135,2.082538,2.097047,2.109612,2.125579,2.139956,2.152657,2.169324,2.183394,2.197368,2.213643,2.228346,2.243469,2.259546,2.273258,2.290294,2.305423,2.320722,2.337223,2.353046,2.369044,2.385854,2.401101,2.418548,2.43468,2.451064,2.467154,2.48469,2.500674,2.51835,2.535105,2.551684,2.569831,2.586895,2.603846,2.622799,2.638212,2.657126,2.675849,2.691146,2.710844,2.729148,2.745798,2.765643,2.784234,2.801478,2.821846,2.838503,2.858572,2.877559,2.895585,2.916082,2.934924,2.953481,2.974529,2.991995,3.013058,3.032798,3.051781,3.072372,3.092597,3.11212,3.133549,3.15189,3.173058,3.192589,3.214414,3.234219,3.254661,3.275963,3.296281,3.316332,3.338223,3.358962,3.380289,3.402135,3.421034,3.445431,3.465881,3.486051,3.509743,3.530702,3.552616,3.575752,3.594947,3.619643,3.640654,3.661904,3.685676,3.707468,3.730227,3.753264,3.773638,3.798774,3.820549,3.842598,3.866292,3.887803,3.900198
,,,,,,,,,,,,,,,,,,,,,,,,,,,,,,,,,,,,,,,,,,,,,,,,,,,,,,,,,,,,,,,,,,,,,,,,,,,,,,,,,,,,,,,,,,,,,,,,,,,,,,,,,,,,,,,,,,,,,,,,,,,,,,,,,,,,,,,,,,,,,,,,,,,,,,,,,,,,,,,,,,,,,,,,,,,,,,,,,,,,,,,,,,,,,,,,,,,,,,,,,,,,,,,,,,,,,,,,,,,,,,,,,,,,,,,,,,,,,,,,,,,,,,,,,,,,,,,,,,,,,,,,,,,,,,,,,,,,,,,,,,,,,,,,,,,,,,,,,,,,,,,,,,,,,,,,,,,,,,,,,,,,,,,,,,,,,,,,,,,,,,,,,,,,,,,,,,,,,,,,,,,,,,,,,,,,,,,,,,,,,,,,,,,,,,,,,,,,,,,,,,,,,,,,,,,,,,,,,,,,,,,,,,,,,,,,,,,,,,,,,,,,,,,,,,
1.34184,1.328397,1.304372,1.282911,1.257807,1.232798,1.210119,1.184794,1.161748,1.139097,1.113719,1.093277,1.067459,1.043432,1.022235,0.997345,0.974948,0.952736,0.928019,0.908109,0.883481,0.860728,0.840068,0.815918,0.793533,0.772433,0.748594,0.728536,0.706327,0.68413,0.663905,0.641495,0.620097,0.598877,0.57711,0.556323,0.535876,0.514534,0.493355,0.472392,0.453191,0.430771,0.411331,0.391607,0.370323,0.35097,0.331093,0.309865,0.292379,0.270732,0.252396,0.233793,0.213066,0.193982,0.174512,0.154856,0.138059,0.116837,0.099386,0.081739,0.061218,0.043711,0.027265,0.007774,-0.010234,-0.027725,-0.045792,-0.062012,-0.081215,-0.098462,-0.115257,-0.133354,-0.150416,-0.167386,-0.18352,-0.200612,-0.217107,-0.234156,-0.250753,-0.26607,-0.283175,-0.297941,-0.314578,-0.330874,-0.345606,-0.362272,-0.377719,-0.392278,-0.408391,-0.421811,-0.437734,-0.452845,-0.46742,-0.483358,-0.497673,-0.51077,-0.526159,-0.54067,-0.554047,-0.569171,-0.581449,-0.595932,-0.610179,-0.623324,-0.637301,-0.65051,-0.663177,-0.677378,-0.689545,-0.703217,-0.71639,-0.729462,-0.741575,-0.753863,-0.766525,-0.778941,-0.791021,-0.803505,-0.81455,-0.827304,-0.838684,-0.850146,-0.862137,-0.873698,-0.885078,-0.896647,-0.906982,-0.918256,-0.929499,-0.938741,-0.950432,-0.960414,-0.970105,-0.980939,-0.99044,-1.000376,-1.010638,-1.019178,-1.029744,-1.039001,-1.048309,-1.057986,-1.067238,-1.076271,-1.085482,-1.094083,-1.1036,-1.112256,-1.120954,-1.129634,-1.138117,-1.145757,-1.154457,-1.162343,-1.170369,-1.178599,-1.185939,-1.193181,-1.2005,-1.207726,-1.214925,-1.222801,-1.229182,-1.236626,-1.243561,-1.24973,-1.256953,-1.263697,-1.269661,-1.276095,-1.281535,-1.287285,-1.292257,-1.295832,-1.301272,-1.305578,-1.309573,-1.31474,-1.318766,-1.324242,-1.329183,-1.333244,-1.337972,-1.342168,-1.34699,-1.351405,-1.35583,-1.360786,-1.366275,-1.371081,-1.375234,-1.379237,-1.383433,-1.387459,-1.39079,-1.39461,-1.398356,-1.401334,-1.404518,-1.407499,-1.41096,-1.413172,-1.41567,-1.418625,-1.420812,-1.423141,-1.425779,-1.427862,-1.430079,-1.43202,-1.434204,-1.436178,-1.437632,-1.438853,-1.440041,-1.4412,-1.441833,-1.442973,-1.443947,-1.444926,-1.445613,-1.446312,-1.44691,-1.447347,-1.447667,-1.447578,-1.44781,-1.447627,-1.446981,-1.44663,-1.445821,-1.44546,-1.445221,-1.443843,-1.443141,-1.442095,-1.440659,-1.439229,-1.438639,-1.436829,-1.435295,-1.433492,-1.431714,-1.42996,-1.427864,-1.425133,-1.422824,-1.42025,-1.418437,-1.415871,-1.412582,-1.41021,-1.406888,-1.40361,-1.399836,-1.396726,-1.3933,-1.390251,-1.385836,-1.381976,-1.377444,-1.373238,-1.368492,-1.363698,-1.358355,-1.354006,-1.349681,-1.345065,-1.340563,-1.33711,-1.332876,-1.328214,-1.323573,-1.318723,-1.314018,-1.309865,-1.305229,-1.301676,-1.296399,-1.292102,-1.28745,-1.281352,-1.275223,-1.268486,-1.262004,-1.256345,-1.248924,-1.242528,-1.235753,-1.227849,-1.221158,-1.214493,-1.206807,-1.199249,-1.191833,-1.183894,-1.1772,-1.168528,-1.160596,-1.152384,-1.144051,-1.135831,-1.127683,-1.119136,-1.110489,-1.102081,-1.093102,-1.084012,-1.075335,-1.065575,-1.056732,-1.046789,-1.036914,-1.028066,-1.017741,-1.008509,-0.998881,-0.988487,-0.97998,-0.969271,-0.959119,-0.949191,-0.937604,-0.927391,-0.917366,-0.905663,-0.894531,-0.883555,-0.871534,-0.861211,-0.849406,-0.83769,-0.826823,-0.814341,-0.802511,-0.790502,-0.777334,-0.766111,-0.753494,-0.741188,-0.728399,-0.715988,-0.703364,-0.690521,-0.677551,-0.664719,-0.650836,-0.638295,-0.623634,-0.610832,-0.597672,-0.582723,-0.569585,-0.55545,-0.540962,-0.528951,-0.513552,-0.499369,-0.486933,-0.470271,-0.456342,-0.442574,-0.426254,-0.412173,-0.39726,-0.381101,-0.367373,-0.350746,-0.335757,-0.320798,-0.304375,-0.288612,-0.273262,-0.256884,-0.241809,-0.224345,-0.208041,-0.191864,-0.175807,-0.158442,-0.142845,-0.125493,-0.109118,-0.092601,-0.074425,-0.057434,-0.040904,-0.022179,-0.00706,0.01147,0.030139,0.045288,0.06483,0.08285,0.099297,0.118958,0.137334,0.154505,0.174232,0.190829,0.210505,0.229101,0.247019,0.26755,0.286204,0.304647,0.325424,0.342748,0.363274,0.383212,0.401619,0.421852,0.44161,0.461054,0.482465,0.500371,0.521695,0.54039,0.562279,0.581429,0.601257,0.622988,0.643046,0.662605,0.684382,0.704859,0.726036,0.74826,0.766612,0.790644,0.810824,0.830465,0.853887,0.874044,0.896408,0.919243,0.939074,0.963135,0.983849,1.004524,1.027796,1.049278,1.071594,1.094859,1.115196,1.13975,1.161812,1.183378,1.207169,1.228376,1.240105
1.341034,1.327942,1.304141,1.282187,1.256125,1.232092,1.209497,1.184515,1.160513,1.137891,1.112714,1.091953,1.066782,1.042834,1.021793,0.996445,0.973825,0.951599,0.926852,0.907159,0.882336,0.859811,0.83916,0.815146,0.793063,0.771844,0.747833,0.727737,0.70531,0.682724,0.662823,0.640207,0.618921,0.597723,0.576471,0.55517,0.534586,0.513489,0.492291,0.470926,0.452188,0.429846,0.410242,0.390417,0.368848,0.349319,0.329544,0.308563,0.290744,0.269107,0.250516,0.23161,0.211301,0.192892,0.173093,0.153693,0.137115,0.115656,0.09791,0.080316,0.06077,0.043307,0.026401,0.006973,-0.010849,-0.028622,-0.046851,-0.062735,-0.081973,-0.098953,-0.116104,-0.133923,-0.151508,-0.168475,-0.184909,-0.201163,-0.217972,-0.234772,-0.251166,-0.266556,-0.284134,-0.298859,-0.315561,-0.331845,-0.346664,-0.362833,-0.378104,-0.393735,-0.410141,-0.423157,-0.439658,-0.454953,-0.468396,-0.484326,-0.49855,-0.511865,-0.526868,-0.541513,-0.554608,-0.569742,-0.58241,-0.596942,-0.610822,-0.623569,-0.637982,-0.651459,-0.664636,-0.678189,-0.690436,-0.704382,-0.717374,-0.730145,-0.741605,-0.754553,-0.767026,-0.779483,-0.791803,-0.804694,-0.815448,-0.828592,-0.83978,-0.851245,-0.863699,-0.874625,-0.886176,-0.896942,-0.907834,-0.918939,-0.930026,-0.93909,-0.9509,-0.960849,-0.970459,-0.98161,-0.991248,-1.001022,-1.011545,-1.020215,-1.030902,-1.040018,-1.049561,-1.059171,-1.068188,-1.077383,-1.086942,-1.095236,-1.105157,-1.113489,-1.121948,-1.13056,-1.13887,-1.146634,-1.155359,-1.163275,-1.170859,-1.179147,-1.186578,-1.19407,-1.202158,-1.209366,-1.216275,-1.223688,-1.229623,-1.237433,-1.244064,-1.250037,-1.25755,-1.264407,-1.270544,-1.276483,-1.282095,-1.288156,-1.292664,-1.296747,-1.301599,-1.306122,-1.31037,-1.315237,-1.319894,-1.325272,-1.330286,-1.333929,-1.338599,-1.34339,-1.347516,-1.352502,-1.356784,-1.361841,-1.367099,-1.371899,-1.375797,-1.37995,-1.384357,-1.38847,-1.391574,-1.395786,-1.399518,-1.402841,-1.406033,-1.408722,-1.411935,-1.414105,-1.416663,-1.419855,-1.422134,-1.424615,-1.427203,-1.429446,-1.431406,-1.433417,-1.435199,-1.436478,-1.437878,-1.439264,-1.440326,-1.441409,-1.442599,-1.443494,-1.444772,-1.445465,-1.446201,-1.446844,-1.447461,-1.447443,-1.447687,-1.447629,-1.447528,-1.447198,-1.446454,-1.44584,-1.445465,-1.444604,-1.444443,-1.443262,-1.442258,-1.441272,-1.44003,-1.438705,-1.437598,-1.436014,-1.434665,-1.432367,-1.430402,-1.428732,-1.426578,-1.424649,-1.422137,-1.419461,-1.417566,-1.414581,-1.411505,-1.408258,-1.404755,-1.401581,-1.398859,-1.395139,-1.392853,-1.389139,-1.385077,-1.381226,-1.376929,-1.371869,-1.367255,-1.362341,-1.357098,-1.352478,-1.348206,-1.343631,-1.339294,-1.335678,-1.330835,-1.326541,-1.322134,-1.316623,-1.312067,-1.307452,-1.303482,-1.299869,-1.295099,-1.290762,-1.286157,-1.280161,-1.273911,-1.267242,-1.260684,-1.255023,-1.2474,-1.241,-1.23461,-1.226837,-1.219876,-1.213269,-1.205405,-1.197955,-1.190958,-1.182724,-1.175876,-1.167065,-1.159705,-1.151401,-1.143512,-1.135062,-1.127136,-1.118246,-1.109485,-1.100693,-1.092084,-1.082904,-1.074146,-1.064404,-1.05603,-1.046323,-1.036963,-1.027866,-1.017444,-1.007831,-0.998431,-0.987762,-0.979745,-0.968826,-0.958408,-0.948999,-0.937326,-0.926968,-0.916931,-0.905356,-0.894247,-0.88399,-0.872028,-0.86178,-0.849203,-0.838052,-0.826248,-0.815164,-0.802649,-0.790652,-0.778091,-0.766812,-0.75347,-0.74122,-0.728613,-0.716599,-0.703891,-0.690814,-0.677853,-0.665054,-0.651752,-0.639832,-0.625055,-0.612482,-0.599023,-0.584433,-0.57103,-0.55708,-0.54281,-0.53038,-0.514517,-0.500372,-0.487885,-0.471585,-0.457834,-0.444016,-0.427979,-0.413107,-0.397958,-0.382114,-0.368509,-0.351373,-0.337061,-0.321875,-0.305356,-0.289764,-0.273465,-0.257214,-0.242368,-0.22482,-0.208841,-0.192957,-0.17691,-0.159235,-0.143625,-0.126215,-0.10968,-0.09303,-0.075067,-0.05838,-0.041986,-0.023572,-0.007953,0.010764,0.029413,0.044675,0.064282,0.082556,0.099039,0.11904,0.137216,0.154599,0.174353,0.191275,0.211032,0.229779,0.2474,0.267471,0.286417,0.304843,0.32533,0.342352,0.363318,0.382928,0.402307,0.423343,0.442664,0.461121,0.482565,0.501071,0.5224,0.541708,0.563446,0.583438,0.603223,0.624722,0.64519,0.664752,0.685751,0.706271,0.727734,0.749405,0.767993,0.791922,0.812207,0.831927,0.855405,0.876144,0.898044,0.921121,0.939691,0.96413,0.9849,1.005853,1.02966,1.050977,1.073972,1.096072,1.116522,1.141068,1.162888,1.184961,1.208231,1.229916,1.242203
1.339984,1.32681,1.302753,1.280807,1.255121,1.231284,1.208664,1.182999,1.159494,1.136838,1.111374,1.090393,1.066464,1.042844,1.020459,0.995288,0.97254,0.950177,0.925226,0.905743,0.881165,0.858658,0.838226,0.813754,0.791116,0.770178,0.746677,0.727151,0.704382,0.682251,0.66228,0.639816,0.618558,0.59729,0.57533,0.554291,0.533539,0.512296,0.49126,0.470209,0.451132,0.428946,0.409158,0.389542,0.368277,0.348795,0.328546,0.307617,0.290045,0.268393,0.249655,0.231015,0.21026,0.19169,0.172565,0.152997,0.136298,0.115063,0.097086,0.079761,0.059473,0.042337,0.025473,0.006335,-0.011588,-0.028918,-0.047485,-0.063763,-0.082764,-0.099725,-0.117038,-0.134995,-0.152264,-0.168921,-0.185422,-0.202426,-0.218707,-0.235474,-0.252115,-0.267752,-0.2849,-0.299591,-0.316269,-0.332245,-0.346765,-0.363199,-0.37872,-0.393802,-0.409824,-0.422806,-0.440256,-0.455051,-0.468124,-0.484503,-0.499619,-0.511703,-0.527939,-0.542316,-0.555246,-0.570456,-0.58287,-0.597443,-0.611536,-0.624371,-0.638715,-0.652228,-0.665262,-0.678867,-0.69086,-0.704666,-0.71781,-0.730856,-0.742603,-0.755527,-0.768262,-0.780795,-0.793106,-0.805237,-0.816293,-0.829333,-0.840628,-0.852005,-0.864185,-0.875537,-0.887051,-0.898093,-0.908386,-0.919452,-0.930652,-0.940088,-0.951907,-0.961758,-0.971265,-0.982385,-0.991876,-1.001791,-1.012274,-1.020895,-1.031757,-1.041187,-1.050418,-1.060394,-1.069629,-1.079065,-1.088513,-1.09664,-1.10614,-1.114853,-1.123151,-1.131924,-1.139963,-1.148138,-1.156476,-1.164658,-1.172195,-1.18009,-1.187601,-1.195105,-1.203186,-1.210443,-1.21745,-1.225143,-1.231216,-1.23851,-1.245663,-1.251755,-1.258875,-1.265582,-1.271332,-1.27803,-1.283566,-1.288654,-1.294077,-1.298267,-1.302817,-1.307147,-1.311319,-1.316565,-1.321014,-1.326416,-1.331207,-1.335324,-1.339816,-1.344226,-1.34877,-1.353445,-1.357822,-1.363107,-1.368069,-1.373389,-1.377664,-1.381769,-1.386136,-1.390079,-1.393314,-1.396997,-1.40051,-1.403824,-1.407004,-1.409827,-1.413101,-1.416019,-1.418591,-1.421017,-1.423547,-1.42565,-1.42818,-1.430231,-1.43259,-1.434866,-1.436328,-1.437997,-1.439401,-1.440771,-1.441852,-1.442838,-1.444318,-1.44527,-1.44628,-1.447223,-1.44772,-1.44855,-1.448901,-1.449362,-1.449765,-1.449921,-1.449765,-1.449139,-1.448965,-1.448325,-1.447894,-1.447076,-1.446405,-1.445505,-1.444846,-1.443671,-1.442273,-1.441,-1.439993,-1.438757,-1.436923,-1.435013,-1.433206,-1.431091,-1.428497,-1.426465,-1.423917,-1.421533,-1.419473,-1.416483,-1.413675,-1.411154,-1.407333,-1.404523,-1.400632,-1.397104,-1.394217,-1.390152,-1.386493,-1.38244,-1.378329,-1.374347,-1.369666,-1.365067,-1.359808,-1.354761,-1.349924,-1.345212,-1.341278,-1.337466,-1.332828,-1.328387,-1.324036,-1.319196,-1.314514,-1.310532,-1.3064,-1.302585,-1.297208,-1.292746,-1.287827,-1.281503,-1.275662,-1.268875,-1.261871,-1.256418,-1.249054,-1.242374,-1.235931,-1.228741,-1.222113,-1.215286,-1.207941,-1.200665,-1.193384,-1.185452,-1.178094,-1.169382,-1.161618,-1.154102,-1.14537,-1.137283,-1.129816,-1.12074,-1.112219,-1.103198,-1.094009,-1.084875,-1.076337,-1.066608,-1.058191,-1.047977,-1.038654,-1.029794,-1.018927,-1.009674,-1.0004,-0.989783,-0.981393,-0.970786,-0.960654,-0.951147,-0.939645,-0.928952,-0.919324,-0.907541,-0.896063,-0.885983,-0.873636,-0.863568,-0.851581,-0.840085,-0.828775,-0.816208,-0.804761,-0.793167,-0.780261,-0.768799,-0.755725,-0.743829,-0.731061,-0.718628,-0.705972,-0.692957,-0.67988,-0.666565,-0.65332,-0.641089,-0.626614,-0.613858,-0.600897,-0.586301,-0.573181,-0.558832,-0.544269,-0.532104,-0.516586,-0.502405,-0.489627,-0.473465,-0.459796,-0.445874,-0.429529,-0.414874,-0.400076,-0.384491,-0.370581,-0.35358,-0.338989,-0.324072,-0.307568,-0.292017,-0.275897,-0.259351,-0.244421,-0.227094,-0.211276,-0.194901,-0.178928,-0.161597,-0.145987,-0.128253,-0.111768,-0.095169,-0.077359,-0.060205,-0.043536,-0.024417,-0.009033,0.009198,0.027704,0.04241,0.062189,0.080127,0.097125,0.116513,0.134503,0.151382,0.172208,0.188733,0.209164,0.227695,0.245517,0.265738,0.28457,0.302921,0.323621,0.340384,0.361505,0.381305,0.400198,0.420264,0.440744,0.459985,0.481088,0.499258,0.519931,0.539667,0.560803,0.580313,0.600159,0.621585,0.641882,0.661157,0.682678,0.703293,0.724951,0.746603,0.764804,0.789304,0.809506,0.829385,0.852921,0.873312,0.89519,0.918042,0.936823,0.961325,0.981946,1.003351,1.026791,1.048199,1.070563,1.093283,1.113394,1.138901,1.160153,1.181857,1.205054,1.226288,1.239014
1.340948,1.327618,1.303736,1.281752,1.25622,1.232319,1.209738,1.184261,1.160471,1.137947,1.112331,1.091589,1.066801,1.04343,1.0214,0.996468,0.973825,0.951618,0.926624,0.907021,0.882267,0.859444,0.839109,0.814856,0.792446,0.771326,0.747587,0.727982,0.705244,0.682968,0.663057,0.64065,0.619392,0.5982,0.576336,0.555304,0.534452,0.513294,0.492224,0.471188,0.451895,0.429638,0.410084,0.390572,0.369101,0.349413,0.329281,0.308254,0.290764,0.269121,0.250597,0.2318,0.211079,0.192421,0.173113,0.153427,0.136953,0.1157,0.097767,0.080355,0.060255,0.042925,0.026007,0.007034,-0.01086,-0.028152,-0.046751,-0.062923,-0.082062,-0.098961,-0.116142,-0.134068,-0.15143,-0.168257,-0.184763,-0.201496,-0.217777,-0.234571,-0.251301,-0.266882,-0.284124,-0.298721,-0.315414,-0.331543,-0.346277,-0.362774,-0.378029,-0.393024,-0.409498,-0.422731,-0.439716,-0.454363,-0.467529,-0.48418,-0.498981,-0.51137,-0.527199,-0.541895,-0.555017,-0.570316,-0.582739,-0.597124,-0.611053,-0.623989,-0.638344,-0.651751,-0.664652,-0.678368,-0.690525,-0.704317,-0.717337,-0.730505,-0.742298,-0.75506,-0.7679,-0.780165,-0.792437,-0.804642,-0.815632,-0.828693,-0.840044,-0.851295,-0.863422,-0.874756,-0.886198,-0.897209,-0.90749,-0.918726,-0.929995,-0.939331,-0.951258,-0.961149,-0.970726,-0.98163,-0.991173,-1.001154,-1.011534,-1.020256,-1.030878,-1.040129,-1.049538,-1.059387,-1.068588,-1.078163,-1.08758,-1.095875,-1.105368,-1.11401,-1.12233,-1.130932,-1.138941,-1.147154,-1.155783,-1.164047,-1.171576,-1.179522,-1.187113,-1.194572,-1.202581,-1.209782,-1.216763,-1.224508,-1.230783,-1.237989,-1.244961,-1.251091,-1.258362,-1.265266,-1.270903,-1.277693,-1.28311,-1.288454,-1.293756,-1.297924,-1.302444,-1.306976,-1.310926,-1.316059,-1.320559,-1.325794,-1.33053,-1.334692,-1.339491,-1.343916,-1.348402,-1.353226,-1.35759,-1.362778,-1.367813,-1.372883,-1.377041,-1.381126,-1.385548,-1.389597,-1.393036,-1.396627,-1.400251,-1.403442,-1.406649,-1.409294,-1.412615,-1.415459,-1.417992,-1.420633,-1.422953,-1.425173,-1.427652,-1.429672,-1.43198,-1.434206,-1.435694,-1.437393,-1.438719,-1.440073,-1.441248,-1.442295,-1.443821,-1.444792,-1.445629,-1.446547,-1.447195,-1.447866,-1.448301,-1.448635,-1.448931,-1.449181,-1.449032,-1.448517,-1.448132,-1.447659,-1.447178,-1.446516,-1.445826,-1.444868,-1.443979,-1.443071,-1.441639,-1.440313,-1.43943,-1.438223,-1.436501,-1.434515,-1.432741,-1.430754,-1.428265,-1.426126,-1.423779,-1.421263,-1.419102,-1.41609,-1.413069,-1.410583,-1.407162,-1.404093,-1.400398,-1.397093,-1.393703,-1.389936,-1.385887,-1.381948,-1.377905,-1.373676,-1.368902,-1.364252,-1.359201,-1.354244,-1.349655,-1.344975,-1.340977,-1.337,-1.332495,-1.328129,-1.323502,-1.318655,-1.314001,-1.309868,-1.305754,-1.302004,-1.296698,-1.292383,-1.287567,-1.281269,-1.275286,-1.268587,-1.261646,-1.256014,-1.248722,-1.242058,-1.235561,-1.228212,-1.221359,-1.21471,-1.207258,-1.200136,-1.192587,-1.184818,-1.17749,-1.168964,-1.161091,-1.15337,-1.144838,-1.136763,-1.129131,-1.12009,-1.111559,-1.10264,-1.093519,-1.08433,-1.075733,-1.066036,-1.05764,-1.047649,-1.038387,-1.02939,-1.018692,-1.009546,-1.000227,-0.989429,-0.98115,-0.970253,-0.960133,-0.950586,-0.939096,-0.928392,-0.918928,-0.907181,-0.896017,-0.885666,-0.873575,-0.863087,-0.851288,-0.839779,-0.828472,-0.815655,-0.804131,-0.793058,-0.779737,-0.768246,-0.755377,-0.743517,-0.730534,-0.718332,-0.705444,-0.692545,-0.679564,-0.666416,-0.652866,-0.640879,-0.626253,-0.613283,-0.600235,-0.585827,-0.57247,-0.558277,-0.543833,-0.531546,-0.51593,-0.501528,-0.489157,-0.472879,-0.459099,-0.445118,-0.428709,-0.414331,-0.399633,-0.383797,-0.369995,-0.353069,-0.338425,-0.32342,-0.306862,-0.291388,-0.27528,-0.258762,-0.243828,-0.226589,-0.21072,-0.194477,-0.178434,-0.16099,-0.145187,-0.127409,-0.110901,-0.094513,-0.076744,-0.059629,-0.043013,-0.024019,-0.008615,0.009747,0.028114,0.042946,0.06263,0.080671,0.097401,0.117043,0.135233,0.152229,0.172628,0.189137,0.209356,0.227875,0.245512,0.265911,0.284569,0.303133,0.324055,0.340916,0.361799,0.381765,0.400566,0.420712,0.440916,0.460325,0.481586,0.49963,0.520462,0.539822,0.561117,0.580801,0.600719,0.622187,0.64226,0.661575,0.683096,0.703625,0.725054,0.746683,0.765087,0.789577,0.809616,0.829599,0.853174,0.873795,0.89566,0.918583,0.937275,0.961885,0.982578,1.003714,1.027239,1.048748,1.071308,1.093918,1.113934,1.139183,1.160608,1.182493,1.205717,1.226898,1.239483
,,,,,,,,,,,,,,,,,,,,,,,,,,,,,,,,,,,,,,,,,,,,,,,,,,,,,,,,,,,,,,,,,,,,,,,,,,,,,,,,,,,,,,,,,,,,,,,,,,,,,,,,,,,,,,,,,,,,,,,,,,,,,,,,,,,,,,,,,,,,,,,,,,,,,,,,,,,,,,,,,,,,,,,,,,,,,,,,,,,,,,,,,,,,,,,,,,,,,,,,,,,,,,,,,,,,,,,,,,,,,,,,,,,,,,,,,,,,,,,,,,,,,,,,,,,,,,,,,,,,,,,,,,,,,,,,,,,,,,,,,,,,,,,,,,,,,,,,,,,,,,,,,,,,,,,,,,,,,,,,,,,,,,,,,,,,,,,,,,,,,,,,,,,,,,,,,,,,,,,,,,,,,,,,,,,,,,,,,,,,,,,,,,,,,,,,,,,,,,,,,,,,,,,,,,,,,,,,,,,,,,,,,,,,,,,,,,,,,,,,,,,,,,,,,,
1.340947,1.328115,1.304311,1.282173,1.256475,1.232272,1.210276,1.1844,1.160703,1.138341,1.112284,1.091482,1.067212,1.04333,1.021495,0.996328,0.974187,0.951983,0.927022,0.907611,0.882673,0.859884,0.839737,0.815735,0.793187,0.772415,0.74811,0.728348,0.706083,0.68335,0.663719,0.64094,0.61984,0.59861,0.577352,0.556124,0.535355,0.514173,0.493327,0.472226,0.453199,0.430827,0.411463,0.391886,0.370575,0.350807,0.330727,0.30938,0.292198,0.27018,0.251869,0.233152,0.212489,0.193779,0.174347,0.154439,0.138242,0.116898,0.099131,0.081764,0.061897,0.044319,0.027336,0.007975,-0.009483,-0.027496,-0.045898,-0.062002,-0.080821,-0.097865,-0.115382,-0.132891,-0.149829,-0.166934,-0.183434,-0.2003,-0.216393,-0.233498,-0.249901,-0.265274,-0.282529,-0.2976,-0.31426,-0.330246,-0.344882,-0.362038,-0.377172,-0.392138,-0.408376,-0.421514,-0.437701,-0.453534,-0.466848,-0.482773,-0.497307,-0.510587,-0.525833,-0.540721,-0.553848,-0.569031,-0.58139,-0.59625,-0.610423,-0.623322,-0.637416,-0.650497,-0.663564,-0.677404,-0.689804,-0.703298,-0.716296,-0.729408,-0.741002,-0.753522,-0.766149,-0.778483,-0.790538,-0.80306,-0.81425,-0.82722,-0.838425,-0.849782,-0.862401,-0.873296,-0.884661,-0.895612,-0.906382,-0.917765,-0.929128,-0.938596,-0.950261,-0.960299,-0.969755,-0.980451,-0.989901,-0.999664,-1.009949,-1.019046,-1.029635,-1.038689,-1.048012,-1.057579,-1.066615,-1.076579,-1.085871,-1.094653,-1.10393,-1.112447,-1.121348,-1.129674,-1.138148,-1.14622,-1.154709,-1.162946,-1.170311,-1.17867,-1.186025,-1.193354,-1.201355,-1.208628,-1.215678,-1.223272,-1.229373,-1.236717,-1.244118,-1.250384,-1.257627,-1.263741,-1.269414,-1.276243,-1.281733,-1.287351,-1.292847,-1.297269,-1.302358,-1.306557,-1.310677,-1.315974,-1.320882,-1.326635,-1.331978,-1.337601,-1.343806,-1.349083,-1.35349,-1.358205,-1.362137,-1.36599,-1.369232,-1.373357,-1.377027,-1.38061,-1.384819,-1.388718,-1.391879,-1.395343,-1.399061,-1.40272,-1.405815,-1.408872,-1.41183,-1.414396,-1.417102,-1.420135,-1.422231,-1.424861,-1.427053,-1.428897,-1.431412,-1.433365,-1.43543,-1.437022,-1.438703,-1.440084,-1.441404,-1.44221,-1.443306,-1.444481,-1.445541,-1.446192,-1.446472,-1.447039,-1.447627,-1.447746,-1.448018,-1.448174,-1.448326,-1.448456,-1.448079,-1.4475,-1.44696,-1.446368,-1.445742,-1.444537,-1.444074,-1.443057,-1.441422,-1.440364,-1.439425,-1.437744,-1.436356,-1.434214,-1.432457,-1.43056,-1.428172,-1.425949,-1.42391,-1.421171,-1.419673,-1.415784,-1.413175,-1.410594,-1.407745,-1.404938,-1.401583,-1.397934,-1.394457,-1.390396,-1.386091,-1.382312,-1.377213,-1.372721,-1.367719,-1.362152,-1.355812,-1.351,-1.346207,-1.342232,-1.338376,-1.335482,-1.332006,-1.32813,-1.324018,-1.319204,-1.314596,-1.310547,-1.306544,-1.302887,-1.297674,-1.293437,-1.288651,-1.282544,-1.276332,-1.269753,-1.26328,-1.257449,-1.250191,-1.243395,-1.237061,-1.229856,-1.222628,-1.215897,-1.207886,-1.200928,-1.193634,-1.185491,-1.17837,-1.169759,-1.161883,-1.153989,-1.145477,-1.137705,-1.12958,-1.120654,-1.112157,-1.103574,-1.094523,-1.085075,-1.076749,-1.066943,-1.058339,-1.048482,-1.039342,-1.030312,-1.020002,-1.010483,-1.001167,-0.990685,-0.982048,-0.971095,-0.960574,-0.95136,-0.940109,-0.929611,-0.919612,-0.907804,-0.896538,-0.886159,-0.874235,-0.863302,-0.851646,-0.839701,-0.828756,-0.816027,-0.804194,-0.793388,-0.780212,-0.768588,-0.755501,-0.743375,-0.730573,-0.718374,-0.705612,-0.692835,-0.679832,-0.667257,-0.653175,-0.641034,-0.626389,-0.613767,-0.600431,-0.586426,-0.573128,-0.558929,-0.544444,-0.53199,-0.516111,-0.50175,-0.489215,-0.472862,-0.458809,-0.445157,-0.428861,-0.414729,-0.39989,-0.38383,-0.370249,-0.353305,-0.338318,-0.323402,-0.306638,-0.291247,-0.275736,-0.259387,-0.244148,-0.22713,-0.211383,-0.195017,-0.178864,-0.161743,-0.146088,-0.12871,-0.11187,-0.095815,-0.077934,-0.060936,-0.044401,-0.025988,-0.010544,0.008258,0.026723,0.041349,0.060333,0.078382,0.094704,0.114558,0.132952,0.149996,0.170044,0.1866,0.206393,0.225189,0.242783,0.262746,0.281286,0.299784,0.320686,0.338018,0.358416,0.378049,0.397049,0.417229,0.436694,0.455783,0.477798,0.496,0.516581,0.536585,0.55746,0.577268,0.597163,0.618553,0.638405,0.658221,0.67984,0.700241,0.721382,0.74293,0.761436,0.785395,0.805367,0.825589,0.849297,0.869904,0.891975,0.914403,0.933077,0.957916,0.978694,0.999725,1.022947,1.044462,1.066971,1.089508,1.109746,1.13504,1.15655,1.178462,1.202156,1.223251,1.235176
1.342918,1.329681,1.30587,1.283772,1.257778,1.233864,1.211452,1.185566,1.162148,1.14082,1.11488,1.094852,1.068703,1.045643,1.023865,0.998478,0.9757,0.953773,0.928883,0.909122,0.884293,0.861732,0.8414,0.816978,0.794514,0.77338,0.74918,0.729305,0.706757,0.683956,0.664253,0.641392,0.620064,0.598743,0.577305,0.556278,0.535938,0.514534,0.493324,0.472107,0.452911,0.430599,0.411385,0.391716,0.37035,0.350655,0.330753,0.309784,0.29229,0.270233,0.251511,0.23241,0.211929,0.193485,0.174183,0.154503,0.138088,0.116604,0.09906,0.081818,0.062096,0.044224,0.027515,0.008053,-0.009895,-0.027725,-0.046169,-0.06216,-0.080982,-0.097973,-0.115112,-0.132545,-0.150028,-0.167114,-0.183483,-0.20042,-0.21677,-0.23381,-0.250294,-0.265842,-0.28273,-0.297291,-0.313763,-0.330589,-0.345371,-0.362072,-0.37746,-0.391659,-0.407764,-0.421295,-0.438076,-0.453773,-0.466667,-0.482765,-0.49789,-0.510818,-0.526405,-0.54026,-0.553631,-0.568687,-0.581547,-0.596401,-0.609913,-0.622776,-0.637741,-0.651157,-0.663471,-0.677464,-0.689667,-0.703445,-0.716358,-0.72937,-0.740772,-0.753468,-0.766342,-0.778408,-0.790596,-0.802959,-0.813759,-0.826824,-0.838333,-0.849812,-0.861866,-0.872913,-0.884434,-0.895493,-0.906399,-0.917839,-0.928982,-0.938206,-0.950405,-0.960186,-0.969746,-0.980637,-0.990429,-0.999836,-1.010128,-1.019157,-1.030338,-1.03936,-1.048412,-1.057983,-1.067169,-1.076576,-1.085739,-1.094173,-1.103951,-1.112709,-1.120956,-1.129425,-1.137985,-1.145618,-1.154217,-1.162521,-1.17009,-1.178642,-1.186256,-1.19371,-1.201347,-1.208206,-1.214996,-1.22263,-1.228901,-1.236977,-1.243938,-1.250301,-1.257206,-1.263836,-1.26936,-1.276264,-1.281448,-1.287308,-1.291607,-1.297279,-1.302082,-1.305824,-1.31031,-1.315716,-1.320503,-1.326,-1.331608,-1.337494,-1.343246,-1.348621,-1.35342,-1.358257,-1.362316,-1.365887,-1.369289,-1.373486,-1.377262,-1.380787,-1.385151,-1.388966,-1.392338,-1.396194,-1.400166,-1.403343,-1.406322,-1.409588,-1.412785,-1.415077,-1.417778,-1.42028,-1.422497,-1.424824,-1.427578,-1.429745,-1.432198,-1.433819,-1.435204,-1.43758,-1.438683,-1.439796,-1.440754,-1.442078,-1.443489,-1.44429,-1.445518,-1.446407,-1.446629,-1.447037,-1.44717,-1.447647,-1.447895,-1.44812,-1.448185,-1.448074,-1.447826,-1.447533,-1.447109,-1.446545,-1.445686,-1.44463,-1.444111,-1.443153,-1.441978,-1.440426,-1.439384,-1.438091,-1.436481,-1.43441,-1.432404,-1.430283,-1.42823,-1.426105,-1.42395,-1.421257,-1.419025,-1.416206,-1.413662,-1.411377,-1.408108,-1.404217,-1.401127,-1.397179,-1.393635,-1.390465,-1.386272,-1.381817,-1.377518,-1.372986,-1.367794,-1.362171,-1.355324,-1.350231,-1.346039,-1.341526,-1.337677,-1.335274,-1.331596,-1.328323,-1.324059,-1.319321,-1.315098,-1.310806,-1.306583,-1.302635,-1.297718,-1.293327,-1.288864,-1.282112,-1.276215,-1.269604,-1.263115,-1.257504,-1.249641,-1.243431,-1.236946,-1.22929,-1.222618,-1.216248,-1.208435,-1.201004,-1.193348,-1.18549,-1.178608,-1.169308,-1.161488,-1.153542,-1.145416,-1.1371,-1.129143,-1.120472,-1.111988,-1.103649,-1.095013,-1.0853,-1.076439,-1.066376,-1.058083,-1.048706,-1.03928,-1.030464,-1.019817,-1.01059,-1.000957,-0.990673,-0.982048,-0.970772,-0.960602,-0.951157,-0.939827,-0.929512,-0.919956,-0.907864,-0.896732,-0.886482,-0.874794,-0.863819,-0.852436,-0.840485,-0.829376,-0.816853,-0.805279,-0.792595,-0.780571,-0.768955,-0.756035,-0.744129,-0.730892,-0.719048,-0.706715,-0.693325,-0.680351,-0.667782,-0.654434,-0.642323,-0.627651,-0.614765,-0.601673,-0.587257,-0.573929,-0.559563,-0.545582,-0.533218,-0.517082,-0.503017,-0.490604,-0.474339,-0.460361,-0.446369,-0.430061,-0.416035,-0.401031,-0.384941,-0.371124,-0.354473,-0.33952,-0.324585,-0.308601,-0.293369,-0.277321,-0.261036,-0.245941,-0.228928,-0.212559,-0.196175,-0.180279,-0.163063,-0.147907,-0.130306,-0.113914,-0.097424,-0.079479,-0.061821,-0.045483,-0.026802,-0.011833,0.007133,0.025932,0.04084,0.059879,0.078224,0.094635,0.114178,0.13229,0.149414,0.16972,0.18605,0.205952,0.22477,0.242538,0.263012,0.281441,0.299397,0.320225,0.337608,0.358475,0.378098,0.397591,0.418106,0.438053,0.456474,0.477455,0.495724,0.51767,0.5369,0.558392,0.578026,0.597878,0.619316,0.639194,0.65918,0.68055,0.700962,0.722393,0.74374,0.762569,0.786831,0.80687,0.826817,0.850372,0.870895,0.892807,0.915695,0.934891,0.959267,0.979618,1.000462,1.024113,1.045773,1.068279,1.091099,1.110947,1.135452,1.157433,1.179359,1.202629,1.224525,1.236355
1.339325,1.32645,1.302704,1.28085,1.254861,1.230243,1.208551,1.18273,1.158902,1.136346,1.110577,1.089963,1.064661,1.041119,1.020453,0.994489,0.972211,0.950436,0.92529,0.906003,0.880942,0.858304,0.837857,0.813943,0.791486,0.770825,0.746848,0.726953,0.704022,0.681573,0.661783,0.639194,0.617755,0.597128,0.575156,0.553992,0.533151,0.512515,0.491574,0.469916,0.450867,0.42854,0.408875,0.389276,0.367813,0.34812,0.32829,0.307654,0.290332,0.268378,0.249472,0.230878,0.20979,0.191217,0.17243,0.152539,0.135895,0.114581,0.096863,0.079288,0.059143,0.041721,0.024829,0.005853,-0.01218,-0.030087,-0.048239,-0.064255,-0.083261,-0.100735,-0.117599,-0.135266,-0.152908,-0.169577,-0.185944,-0.202786,-0.219638,-0.236346,-0.252554,-0.268054,-0.285294,-0.300259,-0.316788,-0.332996,-0.347995,-0.364368,-0.379794,-0.395117,-0.411102,-0.424188,-0.440878,-0.455991,-0.469894,-0.485306,-0.500305,-0.513528,-0.528571,-0.543204,-0.556424,-0.571396,-0.584433,-0.599188,-0.612531,-0.625482,-0.639716,-0.653137,-0.665814,-0.679733,-0.691678,-0.70546,-0.718796,-0.731812,-0.743884,-0.756674,-0.769354,-0.781458,-0.793381,-0.806018,-0.81684,-0.829956,-0.84122,-0.852573,-0.864667,-0.875723,-0.887009,-0.898105,-0.908569,-0.9198,-0.930786,-0.940543,-0.952695,-0.962338,-0.971582,-0.982703,-0.992249,-1.002103,-1.012381,-1.021121,-1.03157,-1.040802,-1.050162,-1.060031,-1.069214,-1.078711,-1.088339,-1.096457,-1.105902,-1.114575,-1.122958,-1.131735,-1.139737,-1.147815,-1.156567,-1.164374,-1.171976,-1.180566,-1.188306,-1.195782,-1.203726,-1.210934,-1.217715,-1.225385,-1.231778,-1.239169,-1.246329,-1.252631,-1.259442,-1.265805,-1.271756,-1.278714,-1.284766,-1.290802,-1.295038,-1.299811,-1.304541,-1.309003,-1.312946,-1.31803,-1.322617,-1.328439,-1.333774,-1.339966,-1.345886,-1.351166,-1.355844,-1.360526,-1.364117,-1.368182,-1.371527,-1.375717,-1.379227,-1.383652,-1.387366,-1.39108,-1.394604,-1.398145,-1.401862,-1.404926,-1.408078,-1.4108,-1.414536,-1.416824,-1.419211,-1.422159,-1.424496,-1.426575,-1.429172,-1.431039,-1.433261,-1.435275,-1.436679,-1.438803,-1.440237,-1.441422,-1.443246,-1.44447,-1.445474,-1.446082,-1.446857,-1.447641,-1.448242,-1.449271,-1.449921,-1.450339,-1.450458,-1.450485,-1.450403,-1.450327,-1.449994,-1.449606,-1.449292,-1.448505,-1.447449,-1.446719,-1.445822,-1.445273,-1.44364,-1.442517,-1.441647,-1.439908,-1.438254,-1.436243,-1.434811,-1.433188,-1.430811,-1.428479,-1.4263,-1.423367,-1.421448,-1.418527,-1.41582,-1.414182,-1.410464,-1.407162,-1.403311,-1.399786,-1.395816,-1.392496,-1.388422,-1.384946,-1.380127,-1.375671,-1.369962,-1.364395,-1.358121,-1.353369,-1.348602,-1.34472,-1.340771,-1.337924,-1.334698,-1.330692,-1.3267,-1.321741,-1.317465,-1.313101,-1.308908,-1.305362,-1.300186,-1.295929,-1.291129,-1.28501,-1.278909,-1.272433,-1.265747,-1.260266,-1.252686,-1.245865,-1.239493,-1.232123,-1.225085,-1.218341,-1.210822,-1.203775,-1.196106,-1.18797,-1.180737,-1.172311,-1.164468,-1.156552,-1.148294,-1.140152,-1.132352,-1.123407,-1.115225,-1.106363,-1.097162,-1.088257,-1.079581,-1.070111,-1.061533,-1.051431,-1.041885,-1.032578,-1.022546,-1.012805,-1.003979,-0.993082,-0.984521,-0.97377,-0.96344,-0.953943,-0.942667,-0.932227,-0.921979,-0.910425,-0.899411,-0.888998,-0.877032,-0.866904,-0.854962,-0.842615,-0.831531,-0.819583,-0.807727,-0.796024,-0.783389,-0.77149,-0.758844,-0.746463,-0.73342,-0.721286,-0.709042,-0.695935,-0.68262,-0.669818,-0.656149,-0.644275,-0.629773,-0.616422,-0.603607,-0.589609,-0.576166,-0.561505,-0.547162,-0.534933,-0.519113,-0.505219,-0.492477,-0.47641,-0.462637,-0.44892,-0.43309,-0.418503,-0.403308,-0.387222,-0.373825,-0.357013,-0.342352,-0.326941,-0.310461,-0.29447,-0.278796,-0.26243,-0.247449,-0.230249,-0.214441,-0.198206,-0.182303,-0.164929,-0.149103,-0.131757,-0.115259,-0.098535,-0.081097,-0.064062,-0.047418,-0.028885,-0.013565,0.004849,0.022913,0.038309,0.057635,0.075552,0.09198,0.111783,0.130502,0.147409,0.167624,0.183939,0.204034,0.222852,0.240353,0.260632,0.279449,0.297452,0.318799,0.335388,0.356039,0.376062,0.394528,0.414798,0.435385,0.454639,0.475272,0.493497,0.513953,0.533344,0.555112,0.574921,0.594818,0.615649,0.635864,0.65556,0.677457,0.697458,0.71875,0.740295,0.759167,0.783249,0.803394,0.823297,0.846783,0.867218,0.888889,0.911435,0.930099,0.954602,0.975522,0.996802,1.020178,1.041916,1.064526,1.087564,1.107581,1.132315,1.153738,1.17561,1.199301,1.220404,1.2328
